model;dataset;fold;masking;MAE prefixes;MAE;MSE;RMSE;configuration;time value
AllSelfCrossAttentionModelTFG;env_permit;0;no-mask;1,8630648868836857;3,0354296209812164;0,1528685832662942;0,26872415156412244;TAA;times+durations
AllSelfCrossAttentionModelTFG;env_permit;0;no-mask;1,9554319997777914;3,0835493564605714;0,14909197952520842;0,2732406481346092;TAA;durations
AllSelfCrossAttentionModelTFG;env_permit;0;no-mask;2,3044252260502116;2,751858829021454;0,14407377529681606;0,3069109885647781;TAA;durations
AllSelfCrossAttentionModelTFG;env_permit;0;no-mask;1,8983266882782892;2,632798978328705;0,14484854592228563;0,2738218242197781;TAA;times+durations
AllSelfCrossAttentionModelTFG;env_permit;1;no-mask;5,761850119536924;3,5961454229092036;0,9951785250104279;0,8026402362290597;TAA;durations
AllSelfCrossAttentionModelTFG;env_permit;1;no-mask;2,0063512128622003;3,5729127819613207;0,4936523435258994;0,4259624426803538;TAA;times+durations
AllSelfCrossAttentionModelTFG;env_permit;2;no-mask;2,0014381806553656;3,0396056373914084;0,626601666255639;0,49776267701013477;TAA;durations
AllSelfCrossAttentionModelTFG;env_permit;2;no-mask;2,439276259583791;3,124634126591128;0,6110731069451534;0,5139512535227252;TAA;times+durations
AllSelfCrossAttentionModelTFG;env_permit;3;no-mask;1,6202766169271494;2,3744535383678254;0,11123339300900538;0,25694167587497624;TAA;durations
AllSelfCrossAttentionModelTFG;env_permit;3;no-mask;1,8696915949010509;2,3762435444420382;0,10717968477890337;0,26458812623424954;TAA;times+durations
AllSelfCrossAttentionModelTFG;env_permit;4;no-mask;2,8456264150209045;4,079817903378317;0,6475159111372477;0,5910697343885641;TAA;durations
AllSelfCrossAttentionModelTFG;env_permit;4;no-mask;2,686157490774985;3,8009377605011387;0,5714534638709267;0,55675183836271;TAA;times+durations
AllSelfCrossAttentionModelTFG;Helpdesk;0;no-mask;3,8248521595734815;4,377103068645184;0,1542613061366611;0,33074742987594635;TAA;durations
AllSelfCrossAttentionModelTFG;Helpdesk;0;no-mask;3,178706851170973;3,765208744635949;0,0885322541390092;0,25892773794417645;TAA;times+durations
AllSelfCrossAttentionModelTFG;Helpdesk;1;no-mask;2,665070473205731;4,035314285977287;0,06441254286179927;0,21980219817523677;TAA;durations
AllSelfCrossAttentionModelTFG;Helpdesk;1;no-mask;2,470747151135786;3,763729575257864;0,06262091782640983;0,21548459632723324;TAA;times+durations
AllSelfCrossAttentionModelTFG;Helpdesk;2;no-mask;2,5136849621662902;4,109190550318525;0,06884868055540498;0,22260842599565658;TAA;durations
AllSelfCrossAttentionModelTFG;Helpdesk;2;no-mask;2,6127430788564285;3,693003805868465;0,08338797567896279;0,24820301454010787;TAA;times+durations
AllSelfCrossAttentionModelTFG;Helpdesk;3;no-mask;3,0889889075143193;4,197835562061462;0,07992136040067507;0,25908682036526365;TAA;durations
AllSelfCrossAttentionModelTFG;Helpdesk;3;no-mask;3,380390887820993;4,085572094910006;0,0871898435288412;0,27599189466716234;TAA;times+durations
AllSelfCrossAttentionModelTFG;Helpdesk;4;no-mask;2,5448652771356897;3,918059644121561;0,06734338710623342;0,2234781726184407;TAA;durations
AllSelfCrossAttentionModelTFG;Helpdesk;4;no-mask;2,313012110325163;3,6845394859773033;0,056220604363914774;0,19875384149553801;TAA;times+durations
AllSelfCrossAttentionModelTFG;SEPSIS;0;no-mask;49,497481130720715;31,48704231530428;1,6380772640035484;1,2406486612399998;TAA;durations
AllSelfCrossAttentionModelTFG;SEPSIS;0;no-mask;59,38778828837037;32,46723374724388;2,18199286401366;1,4219106642152526;TAA;times+durations
AllSelfCrossAttentionModelTFG;SEPSIS;1;no-mask;29,14464251474555;31,811774722627693;0,4049669018108365;0,5746577424428262;TAA;durations
AllSelfCrossAttentionModelTFG;SEPSIS;1;no-mask;31,561933296367556;31,0623345477087;0,5436973291581079;0,6990265485198527;TAA;times+durations
AllSelfCrossAttentionModelTFG;SEPSIS;2;no-mask;22,082370907912562;30,386022528203632;0,30516558132058336;0,470279206387596;TAA;durations
AllSelfCrossAttentionModelTFG;SEPSIS;2;no-mask;21,560568105252425;31,354985016469772;0,3410064447401821;0,46070332168394873;TAA;times+durations
AllSelfCrossAttentionModelTFG;SEPSIS;3;no-mask;20,445144201474875;25,70969613471834;0,5253448772573059;0,5944039432926318;TAA;durations
AllSelfCrossAttentionModelTFG;SEPSIS;3;no-mask;16,434662001225963;25,836703835147443;0,45739388948109405;0,517957779024004;TAA;times+durations
AllSelfCrossAttentionModelTFG;SEPSIS;4;no-mask;21,643480917644546;26,05058070538575;0,553748838946251;0,6740761952911787;TAA;durations
AllSelfCrossAttentionModelTFG;SEPSIS;4;no-mask;24,391577449274703;25,94264341883091;0,6051918426735237;0,7313774666041346;TAA;times+durations
AllSelfCrossAttentionModelTFG;BPI_Challenge_2013_closed_problems;0;no-mask;53,76790898653006;81,13565524804939;0,2447799559533583;0,40399489365625463;TAA;durations
AllSelfCrossAttentionModelTFG;BPI_Challenge_2013_closed_problems;0;no-mask;83,73172375687118;84,61985801956028;0,3633914142975321;0,5665012691187684;TAA;times+durations
AllSelfCrossAttentionModelTFG;BPI_Challenge_2013_closed_problems;1;no-mask;61,400175322663216;90,30603410629999;0,29398390012048325;0,45256260918852476;TAA;durations
AllSelfCrossAttentionModelTFG;BPI_Challenge_2013_closed_problems;1;no-mask;60,58651942937147;82,70499344780332;0,27502736232683156;0,44921150596901066;TAA;times+durations
AllSelfCrossAttentionModelTFG;BPI_Challenge_2013_closed_problems;2;no-mask;45,71257896696122;89,45430638449533;0,32235760825068505;0,4273770143677969;TAA;durations
AllSelfCrossAttentionModelTFG;BPI_Challenge_2013_closed_problems;2;no-mask;60,31230661297345;99,27600925990514;0,36307951050254406;0,49474271295776784;TAA;times+durations
AllSelfCrossAttentionModelTFG;BPI_Challenge_2013_closed_problems;3;no-mask;89,2537021012237;96,16371313730876;0,5519352150265423;0,6646996632778585;TAA;durations
AllSelfCrossAttentionModelTFG;BPI_Challenge_2013_closed_problems;3;no-mask;82,78988887157585;98,23526393665986;0,48957802037256054;0,6290398328265419;TAA;times+durations
AllSelfCrossAttentionModelTFG;BPI_Challenge_2013_closed_problems;4;no-mask;58,57969934290106;85,11298990249634;0,2885622092007631;0,4449162167151261;TAA;durations
AllSelfCrossAttentionModelTFG;BPI_Challenge_2013_closed_problems;4;no-mask;63,90386121236917;86,82110635439555;0,3230864595026629;0,4838772103783082;TAA;times+durations
AllSelfCrossAttentionModelTFG;BPI_Challenge_2013_incidents;0;no-mask;27,28407043510997;10,615787087000294;1,530130362933063;1,0541905319579872;TAA;durations
AllSelfCrossAttentionModelTFG;BPI_Challenge_2013_incidents;0;no-mask;28,282971991437094;10,691858945470868;1,5891535910597991;1,0685541291253324;TAA;times+durations
AllSelfCrossAttentionModelTFG;BPI_Challenge_2013_incidents;1;no-mask;9,81192525048763;9,170889175937162;0,3289448644965214;0,48165220784906554;TAA;durations
AllSelfCrossAttentionModelTFG;BPI_Challenge_2013_incidents;1;no-mask;11,557629822760598;9,301628824985228;0,2690569386515531;0,4815866572145282;TAA;times+durations
AllSelfCrossAttentionModelTFG;BPI_Challenge_2013_incidents;2;no-mask;22,18931300066029;10,246790938203121;0,6875971980712491;0,7850722427915257;TAA;durations
AllSelfCrossAttentionModelTFG;BPI_Challenge_2013_incidents;2;no-mask;19,666141729891635;10,133034470766486;0,6263665874724231;0,7193615874326027;TAA;times+durations
AllSelfCrossAttentionModelTFG;BPI_Challenge_2013_incidents;3;no-mask;18,620458369203266;12,485124938947669;1,902948792144938;1,223747976082332;TAA;durations
AllSelfCrossAttentionModelTFG;BPI_Challenge_2013_incidents;3;no-mask;18,339886343478167;13,293645058900623;2,068175077169519;1,2615318354724827;TAA;times+durations
AllSelfCrossAttentionModelTFG;BPI_Challenge_2013_incidents;4;no-mask;33,736764418435016;10,839017518062507;4,279561575301894;1,6086484277345203;TAA;durations
AllSelfCrossAttentionModelTFG;BPI_Challenge_2013_incidents;4;no-mask;34,74246409468413;10,562481442581763;4,661280773669217;1,6557799846444476;TAA;times+durations
AllSelfCrossAttentionModelTFG;BPI_Challenge_2012_A;0;no-mask;3,565817323084715;5,021441692428261;0,34324073968279856;0,4311296709933447;TAA;durations
AllSelfCrossAttentionModelTFG;BPI_Challenge_2012_A;0;no-mask;3,195991950574984;4,736243457789056;0,340982669931423;0,41236489550746663;TAA;times+durations
AllSelfCrossAttentionModelTFG;BPI_Challenge_2012_A;1;no-mask;3,2193056459073763;4,780638643101519;0,41222838854282046;0,4531019921097274;TAA;durations
AllSelfCrossAttentionModelTFG;BPI_Challenge_2012_A;1;no-mask;3,431458837926477;4,973420075450662;0,41327664342213244;0,4663798976366488;TAA;times+durations
AllSelfCrossAttentionModelTFG;BPI_Challenge_2012_A;2;no-mask;3,392945928989717;4,930657887433193;0,39395339847618954;0,44966549357156893;TAA;durations
AllSelfCrossAttentionModelTFG;BPI_Challenge_2012_A;2;no-mask;3,3359703811555863;4,862629508943758;0,397730178754256;0,450745090927044;TAA;times+durations
AllSelfCrossAttentionModelTFG;BPI_Challenge_2012_A;3;no-mask;3,198098453989164;4,757209099878106;0,3466942605096101;0,41937983130785317;TAA;durations
AllSelfCrossAttentionModelTFG;BPI_Challenge_2012_A;3;no-mask;3,282936805213048;4,844843444860738;0,34903854596398837;0,4264921320962245;TAA;times+durations
AllSelfCrossAttentionModelTFG;BPI_Challenge_2012_A;4;no-mask;3,2395672612463056;4,7813016042804515;0,3729997180791219;0,43579884382319906;TAA;durations
AllSelfCrossAttentionModelTFG;BPI_Challenge_2012_A;4;no-mask;3,2914794486425576;4,797144053871578;0,3798057954043456;0,4476319127940347;TAA;times+durations
AllSelfCrossAttentionModelTFG;BPI_Challenge_2012_O;0;no-mask;4,887599196773025;5,305457767008683;0,45402626153678166;0,6205764274678298;TAA;durations
AllSelfCrossAttentionModelTFG;BPI_Challenge_2012_O;0;no-mask;5,2745636018168005;5,490211469711321;0,4852847953785488;0,6427316000250917;TAA;times+durations
AllSelfCrossAttentionModelTFG;BPI_Challenge_2012_O;1;no-mask;5,934350185835284;7,071758316173595;0,5644293834799006;0,6971948091182127;TAA;durations
AllSelfCrossAttentionModelTFG;BPI_Challenge_2012_O;1;no-mask;5,034619343267947;6,086772322524298;0,513930603542202;0,6503404695945336;TAA;times+durations
AllSelfCrossAttentionModelTFG;BPI_Challenge_2012_O;2;no-mask;4,419707887461741;5,22881370277277;0,2997841491998943;0,492848404425188;TAA;durations
AllSelfCrossAttentionModelTFG;BPI_Challenge_2012_O;2;no-mask;4,348826408005387;5,5963686515710185;0,3179291079914969;0,4837982762094942;TAA;times+durations
AllSelfCrossAttentionModelTFG;BPI_Challenge_2012_O;3;no-mask;6,343433086889336;5,8150147320381524;0,783037781716589;0,7848205550061271;TAA;durations
AllSelfCrossAttentionModelTFG;BPI_Challenge_2012_O;3;no-mask;4,2918760218218655;5,669032792335954;0,51816161967198;0,6389739138787096;TAA;times+durations
AllSelfCrossAttentionModelTFG;BPI_Challenge_2012_O;4;no-mask;4,877549311047579;5,093878450815987;0,4481272264451028;0,6156221836719381;TAA;durations
AllSelfCrossAttentionModelTFG;BPI_Challenge_2012_O;4;no-mask;4,9001600862933135;5,289221680618723;0,4281362596141049;0,6082133464810338;TAA;times+durations
AllSelfCrossAttentionModelTFG;BPI_Challenge_2012;0;no-mask;4,930078822452418;6,702500054376446;0,36205360973510997;0,5620693842849461;TAA;durations
AllSelfCrossAttentionModelTFG;BPI_Challenge_2012;0;no-mask;4,630967045763949;6,657583318744591;0,3204272539831515;0,5199774409393847;TAA;times+durations
AllSelfCrossAttentionModelTFG;BPI_Challenge_2012;1;no-mask;4,958039921576386;7,127124960857254;0,44347433386577806;0,594908396027894;TAA;durations
AllSelfCrossAttentionModelTFG;BPI_Challenge_2012;1;no-mask;5,539870001927175;7,227451269544416;0,4745265918140008;0,6428590998495338;TAA;times+durations
AllSelfCrossAttentionModelTFG;BPI_Challenge_2012;2;no-mask;6,218532719833697;7,021926601411485;0,6291156962450122;0,7313504225708745;TAA;times+durations
AllSelfCrossAttentionModelTFG;BPI_Challenge_2012;2;no-mask;7,037981719592872;6,969929840353735;0,7381351784014472;0,8213954684232121;TAA;durations
AllSelfCrossAttentionModelTFG;BPI_Challenge_2012;3;no-mask;5,071551200074934;6,912901864032279;0,4389938471514627;0,6058025818647398;TAA;durations
AllSelfCrossAttentionModelTFG;BPI_Challenge_2012;3;no-mask;6,613222582806953;7,0345954120035925;0,6540682228650101;0,7626781518298859;TAA;times+durations
AllSelfCrossAttentionModelTFG;BPI_Challenge_2012;4;no-mask;7,004692088927838;6,779295276833215;0,7805262298536546;0,8034940611027499;TAA;durations
AllSelfCrossAttentionModelTFG;BPI_Challenge_2012_A;0;no-mask;3,3657171487127098;4,832562564392008;0,36395066336635457;0,43873685870747625;TAA;durations
AllSelfCrossAttentionModelTFG;BPI_Challenge_2012;4;no-mask;8,64839586944205;6,789007971028763;0,9797555777321353;0,9034118060872958;TAA;times+durations
AllSelfCrossAttentionModelTFG;BPI_Challenge_2012_A;0;no-mask;3,3303826973567254;4,823886356389689;0,3491966526387515;0,4259382332097101;TAA;times+durations
AllSelfCrossAttentionModelTFG;BPI_Challenge_2012_A;1;no-mask;3,6026137878846742;5,117517552163981;0,4429249501735159;0,4947048874920958;TAA;durations
AllSelfCrossAttentionModelTFG;BPI_Challenge_2012_A;1;no-mask;3,451842000961665;5,00724896591637;0,4427030235947917;0,4858340402011203;TAA;times+durations
AllSelfCrossAttentionModelTFG;BPI_Challenge_2012_A;2;no-mask;3,3626368213792337;4,878642237196035;0,41265607439637403;0,46106775744634726;TAA;durations
AllSelfCrossAttentionModelTFG;BPI_Challenge_2012_A;2;no-mask;3,3606554259623085;4,863797451464498;0,39325985749789183;0,4527160792109315;TAA;times+durations
AllSelfCrossAttentionModelTFG;BPI_Challenge_2012_A;3;no-mask;3,3202141061251638;4,837629766902465;0,36688910643219885;0,4446913255188194;TAA;durations
AllSelfCrossAttentionModelTFG;BPI_Challenge_2012_A;3;no-mask;3,3218773653040703;4,7744391311441;0,35061125300520996;0,4385266983327653;TAA;times+durations
AllSelfCrossAttentionModelTFG;BPI_Challenge_2012_A;4;no-mask;3,1587969832242155;4,702486606612158;0,3708019208090347;0,4247400099420284;TAA;durations
AllSelfCrossAttentionModelTFG;BPI_Challenge_2012_A;4;no-mask;3,2394974057183528;4,781095153514492;0,37246161357207835;0,42978104444421494;TAA;times+durations
AllSelfCrossAttentionModelTFG;BPI_Challenge_2012_Complete;0;no-mask;3,771401883643303;6,063489933377897;0,28943722881778444;0,48623565272880065;TAA;durations
AllSelfCrossAttentionModelTFG;BPI_Challenge_2012_Complete;0;no-mask;5,527512163052393;6,2019871614920525;0,41113570301881863;0,6162158421736281;TAA;times+durations
AllSelfCrossAttentionModelTFG;BPI_Challenge_2012_Complete;1;no-mask;4,979180797017242;6,545897730629504;0,5119122355410981;0,6766453188067357;TAA;durations
AllSelfCrossAttentionModelTFG;BPI_Challenge_2012_Complete;2;no-mask;5,733513068921436;6,3140475223293935;0,5755485425810628;0,7243501672822271;TAA;durations
AllSelfCrossAttentionModelTFG;BPI_Challenge_2012_Complete;2;no-mask;7,5436729999294565;6,417839479875755;0,792601650317303;0,8590369059324996;TAA;times+durations
AllSelfCrossAttentionModelTFG;BPI_Challenge_2012_Complete;1;no-mask;5,4953734347920244;6,645471176873612;0,5961802432539259;0,7407984662709094;TAA;times+durations
AllSelfCrossAttentionModelTFG;BPI_Challenge_2012_Complete;3;no-mask;4,602793175081418;6,311885195497743;0,35428880872361035;0,5649409236023216;TAA;durations
AllSelfCrossAttentionModelTFG;BPI_Challenge_2012_Complete;3;no-mask;5,130942675841952;6,233220789176726;0,42554097130742574;0,62475334084859;TAA;times+durations
AllSelfCrossAttentionModelTFG;BPI_Challenge_2012_Complete;4;no-mask;6,2901742273452905;6,254531852134847;0,6674541227840456;0,760394628462855;TAA;durations
AllSelfCrossAttentionModelTFG;BPI_Challenge_2012_O;0;no-mask;5,5457630777784575;5,691358770492587;0,5892694394265211;0,7085861457222195;TAA;durations
AllSelfCrossAttentionModelTFG;BPI_Challenge_2012_O;0;no-mask;5,948072462183788;5,545980065337343;0,6170894180784373;0,7212474707332316;TAA;times+durations
AllSelfCrossAttentionModelTFG;BPI_Challenge_2012_O;1;no-mask;5,828569189952715;7,02189172031582;0,6283686614806109;0,7138080468235727;TAA;durations
AllSelfCrossAttentionModelTFG;BPI_Challenge_2012_O;1;no-mask;4,816002333348675;5,876101034084086;0,4415566057422953;0,6062392019533819;TAA;times+durations
AllSelfCrossAttentionModelTFG;BPI_Challenge_2012_O;2;no-mask;3,7698422498801456;5,61078101928745;0,26781490125386836;0,4426901539151524;TAA;durations
AllSelfCrossAttentionModelTFG;BPI_Challenge_2012_O;2;no-mask;4,4296927924827845;5,2226418264742405;0,3165214278505465;0,5014331636972201;TAA;times+durations
AllSelfCrossAttentionModelTFG;BPI_Challenge_2012_Complete;4;no-mask;6,572066277603238;6,148459282071803;0,7235558477865593;0,7901327498639809;TAA;times+durations
AllSelfCrossAttentionModelTFG;BPI_Challenge_2012_O;3;no-mask;4,456487618622252;5,655108141488042;0,48340421107845155;0,6212240027975299;TAA;durations
AllSelfCrossAttentionModelTFG;BPI_Challenge_2012_O;3;no-mask;4,983298284272749;5,590891807757575;0,5338986647736607;0,6657958778801933;TAA;times+durations
AllSelfCrossAttentionModelTFG;BPI_Challenge_2012_O;4;no-mask;5,169620855042352;5,274154981422852;0,47220689431521956;0,6233598735173733;TAA;durations
AllSelfCrossAttentionModelTFG;BPI_Challenge_2012_O;4;no-mask;4,687623920451239;5,122485913770616;0,41053415801701115;0,5856310882349116;TAA;times+durations
AllSelfCrossAttentionModelTFG;BPI_Challenge_2012_W;0;no-mask;7,554221212908525;7,4785613526107495;0,8244720767034951;0,8577623053255199;TAA;durations
AllSelfCrossAttentionModelTFG;BPI_Challenge_2012_W;0;no-mask;9,245483284623127;7,610421019447081;1,1252569119110503;1,005000207932613;TAA;times+durations
AllSelfCrossAttentionModelTFG;BPI_Challenge_2012_W;1;no-mask;5,677436858111392;7,871819097918409;0,4902306101816968;0,6432822509308627;TAA;durations
AllSelfCrossAttentionModelTFG;BPI_Challenge_2012_W;1;no-mask;6,270824819792188;7,3735209989335395;0,49392225316538624;0,684035278210614;TAA;times+durations
AllSelfCrossAttentionModelTFG;BPI_Challenge_2012_W;2;no-mask;6,524499685236555;7,278324771208303;0,5861026514811225;0,7163619354766991;TAA;durations
AllSelfCrossAttentionModelTFG;BPI_Challenge_2012_W;2;no-mask;9,187501959059228;7,426540765480915;1,036761168172762;0,9673565619805464;TAA;times+durations
AllSelfCrossAttentionModelTFG;BPI_Challenge_2012_W;3;no-mask;8,014912026898756;7,560673675489622;0,9279368323689228;0,9226851514703803;TAA;durations
AllSelfCrossAttentionModelTFG;BPI_Challenge_2012_W;3;no-mask;7,784329589443537;7,419956436742356;0,9901533111849845;0,9471391163414867;TAA;times+durations
AllSelfCrossAttentionModelTFG;BPI_Challenge_2012_W;4;no-mask;5,609486502651204;7,130763213036607;0,5078482797056846;0,6462254836990112;TAA;durations
AllSelfCrossAttentionModelTFG;BPI_Challenge_2012_W;4;no-mask;7,449336206369344;7,241907525907682;0,7465937577813102;0,8035107670208158;TAA;times+durations
AllSelfCrossAttentionModelTFG;BPI_Challenge_2012_W_Complete;0;no-mask;8,368222219593127;7,134167252150663;1,1095040246186538;0,9972046656100781;TAA;durations
AllSelfCrossAttentionModelTFG;BPI_Challenge_2012_W_Complete;0;no-mask;8,045238840871782;7,214549807492148;1,0147745038441538;0,9852599149905675;TAA;times+durations
AllSelfCrossAttentionModelTFG;BPI_Challenge_2012_W_Complete;1;no-mask;5,1391183694153435;6,954127730157738;0,47151799454920545;0,6293808695113572;TAA;durations
AllSelfCrossAttentionModelTFG;BPI_Challenge_2012_W_Complete;1;no-mask;5,244528698075982;7,032780130778104;0,4466013820502562;0,610943914813694;TAA;times+durations
AllSelfCrossAttentionModelTFG;BPI_Challenge_2012_W_Complete;2;no-mask;6,907212354168009;6,8846510697758;0,587233061924313;0,7434361855968014;TAA;durations
AllSelfCrossAttentionModelTFG;BPI_Challenge_2012_W_Complete;2;no-mask;7,9339802968317645;6,68342280290408;0,8313256232436929;0,857948731613577;TAA;times+durations
AllSelfCrossAttentionModelTFG;BPI_Challenge_2012_W_Complete;3;no-mask;7,0568401140084465;7,188537409764254;0,8893001604426727;0,8841853193011093;TAA;durations
AllSelfCrossAttentionModelTFG;BPI_Challenge_2012_W_Complete;3;no-mask;10,119792785410922;7,502780729580021;1,329825140755754;1,0958940391128131;TAA;times+durations
AllSelfCrossAttentionModelTFG;BPI_Challenge_2012_W_Complete;4;no-mask;6,3621908957651865;6,83547989513934;0,5949005787195463;0,7268491144251057;TAA;durations
AllSelfCrossAttentionModelTFG;env_permit;0;no-mask;2,2722366327857015;2,9252169375419617;0,15917170119340668;0,31180706930033547;TAT;durations
AllSelfCrossAttentionModelTFG;env_permit;0;no-mask;2,759366783575008;2,8469323734045027;0,19510277073551202;0,3776983883827925;TAT;times+durations
AllSelfCrossAttentionModelTFG;env_permit;1;no-mask;3,5836788652395977;3,513096145288212;0,5680737543303008;0,6019763517837003;TAT;durations
AllSelfCrossAttentionModelTFG;env_permit;1;no-mask;2,290321856480124;3,694575691786338;0,5120590116497746;0,4531327164294222;TAT;times+durations
AllSelfCrossAttentionModelTFG;BPI_Challenge_2012_W_Complete;4;no-mask;6,371863251681836;6,991462012324158;0,5083066733290462;0,6663224288780878;TAA;times+durations
AllSelfCrossAttentionModelTFG;env_permit;2;no-mask;2,3501379985810806;3,0646061268887776;0,6549623299263636;0,5267190148973269;TAT;durations
AllSelfCrossAttentionModelTFG;env_permit;2;no-mask;2,180205544523824;3,0569596623265465;0,6164148919894405;0,5095078915969027;TAT;times+durations
AllSelfCrossAttentionModelTFG;env_permit;3;no-mask;2,3708024810078325;2,538357471506442;0,13044202287316717;0,30962102777595;TAT;durations
AllSelfCrossAttentionModelTFG;env_permit;3;no-mask;1,6254404307740298;2,403348921768127;0,10366537872633544;0,24606062459745226;TAT;times+durations
AllSelfCrossAttentionModelTFG;env_permit;4;no-mask;2,653331161801374;3,9613704604487263;0,6191456464074284;0,5645758477792562;TAT;durations
AllSelfCrossAttentionModelTFG;env_permit;4;no-mask;2,647044187027157;3,7681988134018836;0,5796244151071406;0,5496084868814359;TAT;times+durations
AllSelfCrossAttentionModelTFG;Helpdesk;0;no-mask;4,361828461729024;4,095353029691256;0,1778772592697388;0,3547115351819345;TAT;durations
AllSelfCrossAttentionModelTFG;Helpdesk;0;no-mask;2,501032317278072;3,791348288609431;0,062086008645918615;0,21764070567322352;TAT;times+durations
AllSelfCrossAttentionModelTFG;Helpdesk;1;no-mask;2,833388209314309;4,216879273053282;0,07166327350581457;0,23591271805194372;TAT;durations
AllSelfCrossAttentionModelTFG;Helpdesk;1;no-mask;2,550392617960454;3,712853210683195;0,05682047941878367;0,20914950572627466;TAT;times+durations
AllSelfCrossAttentionModelTFG;Helpdesk;2;no-mask;2,472825632869475;3,963245607226904;0,06785009724167236;0,2213762200324846;TAT;durations
AllSelfCrossAttentionModelTFG;Helpdesk;2;no-mask;2,5749035076663476;3,8252735615142286;0,07298639604716581;0,22958250417981624;TAT;times+durations
AllSelfCrossAttentionModelTFG;Helpdesk;3;no-mask;3,1649774911721464;4,0814915981132325;0,09205655505896881;0,276358049941494;TAT;durations
AllSelfCrossAttentionModelTFG;Helpdesk;3;no-mask;3,145740748747022;3,7835819305629905;0,09125610820496399;0,28485041856283244;TAT;times+durations
AllSelfCrossAttentionModelTFG;Helpdesk;4;no-mask;2,328712979937306;4,025764996961037;0,06092514981723095;0,20015752188870864;TAT;durations
AllSelfCrossAttentionModelTFG;Helpdesk;4;no-mask;2,5278323669962526;3,9415796761927395;0,0635823537760997;0,21681889594503032;TAT;times+durations
AllSelfCrossAttentionModelTFG;SEPSIS;0;no-mask;49,8749786698762;30,781534121061366;1,7208788771310106;1,264479810484518;TAT;durations
AllSelfCrossAttentionModelTFG;SEPSIS;0;no-mask;48,03639776038534;30,682799474646647;1,6767051974475313;1,2545260404390075;TAT;times+durations
AllSelfCrossAttentionModelTFG;SEPSIS;1;no-mask;32,10616870121765;29,768981350434792;0,5319029890433646;0,7047637523300249;TAT;durations
AllSelfCrossAttentionModelTFG;SEPSIS;1;no-mask;32,323616134676705;30,294781435717333;0,5249746303189902;0,7001895194727064;TAT;times+durations
AllSelfCrossAttentionModelTFG;SEPSIS;2;no-mask;15,21162216955405;29,180914856493473;0,2434038708507241;0,3575032988186013;TAT;durations
AllSelfCrossAttentionModelTFG;SEPSIS;2;no-mask;9,100180725877964;28,76699824688526;0,2048027179664591;0,2538259380320301;TAT;times+durations
AllSelfCrossAttentionModelTFG;SEPSIS;3;no-mask;16,132142547593872;25,371848630433036;0,44635273134645753;0,5095260682413216;TAT;durations
AllSelfCrossAttentionModelTFG;SEPSIS;3;no-mask;33,78078278022052;29,249929275843176;0,9742552920607496;0,8909338828530349;TAT;times+durations
AllSelfCrossAttentionModelTFG;SEPSIS;4;no-mask;21,380718454980965;24,236427253392076;0,5043338735621267;0,6333808543317773;TAT;durations
AllSelfCrossAttentionModelTFG;BPI_Challenge_2013_closed_problems;0;no-mask;57,04507288371475;88,28717003979729;0,2640592011870326;0,41618004596956426;TAT;durations
AllSelfCrossAttentionModelTFG;SEPSIS;4;no-mask;21,905623748577977;25,537455644014585;0,5290970318924054;0,6663746960358404;TAT;times+durations
AllSelfCrossAttentionModelTFG;BPI_Challenge_2013_closed_problems;0;no-mask;74,21263690391211;90,11071942616435;0,3220456565624054;0,5064051482645632;TAT;times+durations
AllSelfCrossAttentionModelTFG;BPI_Challenge_2013_closed_problems;1;no-mask;60,28855850114709;86,7313838050479;0,28680779273021295;0,44110035172308837;TAT;durations
AllSelfCrossAttentionModelTFG;BPI_Challenge_2013_closed_problems;1;no-mask;59,558692728053956;82,62803715297154;0,2845836937215132;0,45101143518196685;TAT;times+durations
AllSelfCrossAttentionModelTFG;BPI_Challenge_2013_closed_problems;2;no-mask;48,278247107591376;88,76369088490804;0,3152912219160243;0,4343423404490564;TAT;durations
AllSelfCrossAttentionModelTFG;BPI_Challenge_2013_closed_problems;2;no-mask;77,80911602851944;98,00954990386963;0,42096443348745993;0,5808112350804611;TAT;times+durations
AllSelfCrossAttentionModelTFG;BPI_Challenge_2013_closed_problems;3;no-mask;88,12938504689794;99,41562439413632;0,5657953016522947;0,6721698376856495;TAT;durations
AllSelfCrossAttentionModelTFG;BPI_Challenge_2013_closed_problems;3;no-mask;102,59831765609832;105,50194974039115;0,6336825576230871;0,7201550489041608;TAT;times+durations
AllSelfCrossAttentionModelTFG;BPI_Challenge_2013_closed_problems;4;no-mask;47,98856727345424;76,15501168370247;0,256382011778822;0,40664275857182497;TAT;durations
AllSelfCrossAttentionModelTFG;BPI_Challenge_2013_closed_problems;4;no-mask;51,779515137545985;82,8470545609792;0,25901715228879546;0,4097089047078043;TAT;times+durations
AllSelfCrossAttentionModelTFG;BPI_Challenge_2013_incidents;0;no-mask;24,588700988703305;10,701468305025266;1,1535200080111307;0,9563504620425276;TAT;durations
AllSelfCrossAttentionModelTFG;BPI_Challenge_2013_incidents;0;no-mask;26,476434915271174;10,492137872521237;1,3928627347593012;1,0199838664499885;TAT;times+durations
AllSelfCrossAttentionModelTFG;BPI_Challenge_2013_incidents;1;no-mask;8,783994639999033;9,08795985189896;0,2591428878812079;0,43366125226883057;TAT;durations
AllSelfCrossAttentionModelTFG;BPI_Challenge_2013_incidents;1;no-mask;9,94376548987546;10,351787566805685;0,3252951004850382;0,48496759537549466;TAT;times+durations
AllSelfCrossAttentionModelTFG;BPI_Challenge_2013_incidents;2;no-mask;13,554312086384115;9,783562868536508;0,33617367002785814;0,5332936510007998;TAT;durations
AllSelfCrossAttentionModelTFG;BPI_Challenge_2013_incidents;2;no-mask;16,412390349475267;9,770822022114348;0,3998750301540202;0,5866236281587971;TAT;times+durations
AllSelfCrossAttentionModelTFG;BPI_Challenge_2013_incidents;3;no-mask;18,852200160066552;12,277097051300235;2,097494468525679;1,2926738066555707;TAT;durations
AllSelfCrossAttentionModelTFG;BPI_Challenge_2013_incidents;3;no-mask;17,043574168806444;12,40337703579058;1,8104472590962313;1,1736933270134136;TAT;times+durations
AllSelfCrossAttentionModelTFG;BPI_Challenge_2013_incidents;4;no-mask;33,81773282669708;10,600098166054329;4,5606656038075855;1,6268419491523525;TAT;durations
AllSelfCrossAttentionModelTFG;BPI_Challenge_2013_incidents;4;no-mask;72,80422980127716;11,053230768283912;8,964829679323968;2,7154220179099218;TAT;times+durations
AllSelfCrossAttentionModelTFG;BPI_Challenge_2012_A;0;no-mask;3,2123664194608987;4,720384362696062;0,34875461003467434;0,41839598900321884;TAT;durations
AllSelfCrossAttentionModelTFG;BPI_Challenge_2012_A;0;no-mask;3,2941190346452816;4,8055321612065525;0,3475533709678538;0,42058507410558243;TAT;times+durations
AllSelfCrossAttentionModelTFG;BPI_Challenge_2012_A;1;no-mask;3,3349336878469615;4,828075434378916;0,4280179633502756;0,4713253644298247;TAT;durations
AllSelfCrossAttentionModelTFG;BPI_Challenge_2012_A;1;no-mask;3,178727955508637;4,72905495740223;0,41770011822162567;0,45769341357892723;TAT;times+durations
AllSelfCrossAttentionModelTFG;BPI_Challenge_2012_A;2;no-mask;3,418379711923595;4,921411639445578;0,4027387021600059;0,45846825835581045;TAT;durations
AllSelfCrossAttentionModelTFG;BPI_Challenge_2012_A;2;no-mask;3,2414392445068687;4,800633104768143;0,3831406080639681;0,43631809059049415;TAT;times+durations
AllSelfCrossAttentionModelTFG;BPI_Challenge_2012_A;3;no-mask;3,216908084987353;4,763491535212853;0,3444835671778063;0,4160212710063529;TAT;durations
AllSelfCrossAttentionModelTFG;BPI_Challenge_2012_A;3;no-mask;3,5635482269523027;5,031886164808169;0,37893252323041576;0,4639461454660049;TAT;times+durations
AllSelfCrossAttentionModelTFG;BPI_Challenge_2012_A;4;no-mask;3,266867150820633;4,789415936864824;0,37130430154121574;0,4354153286382637;TAT;durations
AllSelfCrossAttentionModelTFG;BPI_Challenge_2012_A;4;no-mask;3,2156819485707344;4,7266237153526;0,373235452789528;0,4377588127242236;TAT;times+durations
AllSelfCrossAttentionModelTFG;BPI_Challenge_2012_O;0;no-mask;5,963259282682083;6,472710501016107;0,5856479676940359;0,715628756333336;TAT;durations
AllSelfCrossAttentionModelTFG;BPI_Challenge_2012_O;0;no-mask;5,29329418744873;5,465341235233458;0,5017515939339792;0,6527250263648557;TAT;times+durations
AllSelfCrossAttentionModelTFG;BPI_Challenge_2012_O;1;no-mask;4,949679920906211;5,84996349610698;0,47174021599612787;0,6412230271321216;TAT;durations
AllSelfCrossAttentionModelTFG;BPI_Challenge_2012_O;1;no-mask;4,808172727904717;6,020564087892779;0,4573195961172825;0,6086580972379478;TAT;times+durations
AllSelfCrossAttentionModelTFG;BPI_Challenge_2012_O;2;no-mask;4,838457210686535;5,281897408222513;0,36362317712174835;0,5358061047582721;TAT;durations
AllSelfCrossAttentionModelTFG;BPI_Challenge_2012_O;2;no-mask;5,3811917008482855;5,087656693533063;0,5847903628533112;0,6306637040161669;TAT;times+durations
AllSelfCrossAttentionModelTFG;BPI_Challenge_2012_O;3;no-mask;4,851001613703289;5,667171239595989;0,5048828247044571;0,6515938250001403;TAT;durations
AllSelfCrossAttentionModelTFG;BPI_Challenge_2012_O;3;no-mask;4,613597192739447;5,612144231796265;0,491199384466055;0,6369541494458801;TAT;times+durations
AllSelfCrossAttentionModelTFG;BPI_Challenge_2012_O;4;no-mask;5,024445409171829;5,2911827315664075;0,4468610402903719;0,6140358192181794;TAT;durations
AllSelfCrossAttentionModelTFG;BPI_Challenge_2012_O;4;no-mask;5,671602313763007;5,190256753042674;0,5894782788870048;0,6741439521428607;TAT;times+durations
AllSelfCrossAttentionModelTFG;BPI_Challenge_2012;0;no-mask;4,599417975245368;6,597693490259046;0,32552472551183886;0,5250743407692384;TAT;durations
AllSelfCrossAttentionModelTFG;BPI_Challenge_2012;0;no-mask;5,400131668340232;6,679763175003556;0,36243859706895093;0,58171547237638;TAT;times+durations
AllSelfCrossAttentionModelTFG;BPI_Challenge_2012;1;no-mask;6,481119514097724;7,270090956397815;0,5820228855249571;0,7399900256499201;TAT;durations
AllSelfCrossAttentionModelTFG;BPI_Challenge_2012;1;no-mask;6,882849814222178;7,158195251047577;0,635300387113526;0,7814895976073519;TAT;times+durations
AllSelfCrossAttentionModelTFG;BPI_Challenge_2012;2;no-mask;7,818793566376724;6,9521503328199845;0,833842346437314;0,883689756190932;TAT;durations
AllSelfCrossAttentionModelTFG;BPI_Challenge_2012;2;no-mask;6,2905056297509585;6,9077457864814225;0,6865809557693267;0,761158382402312;TAT;times+durations
AllSelfCrossAttentionModelTFG;BPI_Challenge_2012;3;no-mask;4,639674494747339;6,943027660325478;0,4053522203532828;0,569231251300217;TAT;times+durations
AllSelfCrossAttentionModelTFG;BPI_Challenge_2012;3;no-mask;5,463056021371394;6,927493279730506;0,5069539073287649;0,6710691831830823;TAT;durations
AllSelfCrossAttentionModelTFG;BPI_Challenge_2012;4;no-mask;7,23713150840538;6,865084358749704;0,8183409552140852;0,8269957756931551;TAT;durations
AllSelfCrossAttentionModelTFG;BPI_Challenge_2012;4;no-mask;7,3571895051126335;6,7437066593707575;0,7692215109074059;0,8031108874308799;TAT;times+durations
AllSelfCrossAttentionModelTFG;BPI_Challenge_2012_A;0;no-mask;3,2047441518924455;4,7307226847781045;0,3474443237901142;0,4158307272960332;TAT;times+durations
AllSelfCrossAttentionModelTFG;BPI_Challenge_2012_A;0;no-mask;3,4239162585467624;4,913872511317579;0,35593877454729184;0,4363957054610188;TAT;durations
AllSelfCrossAttentionModelTFG;BPI_Challenge_2012_A;1;no-mask;3,2194308968747887;4,788369755961913;0,4124547490352209;0,45398975132893116;TAT;durations
AllSelfCrossAttentionModelTFG;BPI_Challenge_2012_A;1;no-mask;3,2906109384878235;4,878718481032846;0,40805208901266515;0,45829221485727006;TAT;times+durations
AllSelfCrossAttentionModelTFG;BPI_Challenge_2012_A;2;no-mask;3,180081445834558;4,6830503807896315;0,41395975293066306;0,44979056116530886;TAT;durations
AllSelfCrossAttentionModelTFG;BPI_Challenge_2012_A;2;no-mask;3,257692287724184;4,785515087151502;0,39597971986609504;0,4523418317488455;TAT;times+durations
AllSelfCrossAttentionModelTFG;BPI_Challenge_2012_A;3;no-mask;3,229254828322054;4,7614708111114;0,3613389802204462;0,4343732068199832;TAT;durations
AllSelfCrossAttentionModelTFG;BPI_Challenge_2012_A;3;no-mask;3,2921313562795635;4,791235990675586;0,35494532448886706;0,44889971273100976;TAT;times+durations
AllSelfCrossAttentionModelTFG;BPI_Challenge_2012_A;4;no-mask;3,346456863540662;4,844596825017641;0,3782769768303716;0,4468440104552133;TAT;times+durations
AllSelfCrossAttentionModelTFG;BPI_Challenge_2012_A;4;no-mask;3,5334058230275374;5,00469855567141;0,4044452077125309;0,4841851472788489;TAT;durations
AllSelfCrossAttentionModelTFG;BPI_Challenge_2012_Complete;0;no-mask;4,056228571191519;6,251177592733042;0,3000282126012976;0,49628074136682654;TAT;durations
AllSelfCrossAttentionModelTFG;BPI_Challenge_2012_Complete;0;no-mask;3,69364147217924;6,0763810438246155;0,2854681932185324;0,48188794747172736;TAT;times+durations
AllSelfCrossAttentionModelTFG;BPI_Challenge_2012_Complete;1;no-mask;5,026616942805559;6,5753138064537;0,4873519745853265;0,6649612181574828;TAT;durations
AllSelfCrossAttentionModelTFG;BPI_Challenge_2012_Complete;1;no-mask;5,083148537863756;6,656210302345214;0,5619217747858867;0,7027531920094472;TAT;times+durations
AllSelfCrossAttentionModelTFG;BPI_Challenge_2012_Complete;2;no-mask;5,278491704023723;6,296469289734927;0,5044600166272524;0,668838084544024;TAT;durations
AllSelfCrossAttentionModelTFG;BPI_Challenge_2012_Complete;2;no-mask;6,480222192903096;6,366281700272092;0,6439633800080835;0,7763583333114408;TAT;times+durations
AllSelfCrossAttentionModelTFG;BPI_Challenge_2012_Complete;3;no-mask;4,8540615782804615;6,256294971073182;0,4229824676366659;0,6057826304250095;TAT;durations
AllSelfCrossAttentionModelTFG;BPI_Challenge_2012_Complete;3;no-mask;4,539437254710335;6,408965599285469;0,3847375802361592;0,5804598807881974;TAT;times+durations
AllSelfCrossAttentionModelTFG;BPI_Challenge_2012_Complete;4;no-mask;5,625892819732518;6,231944979950083;0,5551668349089325;0,6837616485189175;TAT;durations
AllSelfCrossAttentionModelTFG;BPI_Challenge_2012_Complete;4;no-mask;5,537679474667813;6,117480330915263;0,583657516013276;0,7024963376219864;TAT;times+durations
AllSelfCrossAttentionModelTFG;BPI_Challenge_2012_O;0;no-mask;4,924158590281024;5,688393398494384;0,4626185720329135;0,6235230296728748;TAT;durations
AllSelfCrossAttentionModelTFG;BPI_Challenge_2012_O;0;no-mask;5,656283753381744;6,052149423042406;0,5289285308710191;0,6793261952469144;TAT;times+durations
AllSelfCrossAttentionModelTFG;BPI_Challenge_2012_O;1;no-mask;4,667651613786328;5,799248636942724;0,43648327470239856;0,600041270772282;TAT;durations
AllSelfCrossAttentionModelTFG;BPI_Challenge_2012_O;1;no-mask;4,605718025149791;5,722391151755852;0,4689972116361968;0,6191654198394396;TAT;times+durations
AllSelfCrossAttentionModelTFG;BPI_Challenge_2012_O;2;no-mask;4,325479817016804;5,275562032525029;0,31345110416400424;0,5085556523851882;TAT;durations
AllSelfCrossAttentionModelTFG;BPI_Challenge_2012_O;2;no-mask;4,3115504338444826;5,332476733252406;0,2809445955035439;0,46844742864608024;TAT;times+durations
AllSelfCrossAttentionModelTFG;BPI_Challenge_2012_O;3;no-mask;4,5915391573591435;6,09065459540178;0,5499943140880376;0,6640798651073703;TAT;durations
AllSelfCrossAttentionModelTFG;BPI_Challenge_2012_O;3;no-mask;5,126698848667779;5,462112702943128;0,4982106987688539;0,6545121963020821;TAT;times+durations
AllSelfCrossAttentionModelTFG;BPI_Challenge_2012_O;4;no-mask;5,450966688888273;5,240315001908974;0,596797410081624;0,6885210897235801;TAT;durations
AllSelfCrossAttentionModelTFG;BPI_Challenge_2012_O;4;no-mask;4,944089305275837;5,23819575903127;0,47720035148969064;0,6372407982017989;TAT;times+durations
AllSelfCrossAttentionModelTFG;BPI_Challenge_2012_W;0;no-mask;8,93310739920678;7,369147746195705;1,0867922882372438;0,9889665934135838;TAT;times+durations
AllSelfCrossAttentionModelTFG;BPI_Challenge_2012_W;0;no-mask;10,746876839117752;7,470462472644753;1,3621792578655127;1,1264815883622743;TAT;durations
AllSelfCrossAttentionModelTFG;BPI_Challenge_2012_W;1;no-mask;6,784501180506095;7,300165765600451;0,5566865996204506;0,7320730541646917;TAT;times+durations
AllSelfCrossAttentionModelTFG;BPI_Challenge_2012_W;1;no-mask;5,833097884435878;7,404121486910882;0,4860914226599422;0,6511476502063875;TAT;durations
AllSelfCrossAttentionModelTFG;BPI_Challenge_2012_W;2;no-mask;7,03143544334915;7,251050147215706;0,7069177436189861;0,7849499926986502;TAT;durations
AllSelfCrossAttentionModelTFG;BPI_Challenge_2012_W;2;no-mask;7,873624292872913;7,193172478519201;0,7593269087779471;0,8418221711084025;TAT;times+durations
AllSelfCrossAttentionModelTFG;BPI_Challenge_2012_W;3;no-mask;9,298792440311038;7,575455223674112;1,1877592600495648;1,0438709743394001;TAT;times+durations
AllSelfCrossAttentionModelTFG;BPI_Challenge_2012_W;3;no-mask;7,792840529627124;7,50178155249783;1,0520338279208232;0,9672512193846659;TAT;durations
AllSelfCrossAttentionModelTFG;BPI_Challenge_2012_W;4;no-mask;7,975279413175657;7,233508143910276;0,7128564440982269;0,824106605566263;TAT;durations
AllSelfCrossAttentionModelTFG;BPI_Challenge_2012_W;4;no-mask;7,185923545263915;7,151540282603562;0,680292975189621;0,7999967971003205;TAT;times+durations
AllSelfCrossAttentionModelTFG;BPI_Challenge_2012_W_Complete;0;no-mask;7,601845029096752;7,229547189491723;0,8742990180329874;0,8964044711254591;TAT;durations
AllSelfCrossAttentionModelTFG;BPI_Challenge_2012_W_Complete;0;no-mask;11,16372785427577;7,336762812689607;1,6001738989038314;1,220667229192473;TAT;times+durations
AllSelfCrossAttentionModelTFG;BPI_Challenge_2012_W_Complete;1;no-mask;5,274340718511136;7,051512052744738;0,44587688623040167;0,6074978299680607;TAT;durations
AllSelfCrossAttentionModelTFG;BPI_Challenge_2012_W_Complete;1;no-mask;5,387681148054938;7,075377285868262;0,44424585837949976;0,6107514850819882;TAT;times+durations
AllSelfCrossAttentionModelTFG;BPI_Challenge_2012_W_Complete;2;no-mask;7,042198951958823;7,055623165856977;0,6230515318573753;0,7352401050220155;TAT;durations
AllSelfCrossAttentionModelTFG;BPI_Challenge_2012_W_Complete;2;no-mask;9,320324807227465;6,865125654126833;1,1726599825583166;1,0060741966687248;TAT;times+durations
AllSelfCrossAttentionModelTFG;BPI_Challenge_2012_W_Complete;3;no-mask;8,312595461003573;7,289014752558573;1,1919563045939239;1,0398669859078349;TAT;durations
AllSelfCrossAttentionModelTFG;BPI_Challenge_2012_W_Complete;3;no-mask;7,515973438836066;7,279271081000387;0,8895520052207984;0,9045546524926346;TAT;times+durations
AllSelfCrossAttentionModelTFG;BPI_Challenge_2012_W_Complete;4;no-mask;5,953303648283837;6,991960121250245;0,5222718102821259;0,6670099409082207;TAT;durations
AllSelfCrossAttentionModelTFG;BPI_Challenge_2012_W_Complete;4;no-mask;10,211714200180356;7,072294504891512;1,1479783389496825;1,0233692343307808;TAT;times+durations
AllSelfCrossAttentionModelTFG;env_permit;0;no-mask;1,6617483944653866;3,002054044723511;0,15244808893770628;0,254778982852784;TAA;times
AllSelfCrossAttentionModelTFG;env_permit;0;no-mask;1,6512948222802695;3,0864847226142884;0,14970511575386744;0,24820508279772782;TAT;times
AllSelfCrossAttentionModelTFG;env_permit;1;no-mask;2,0951402551294156;3,6874863148674253;0,483107674123123;0,4269542173057682;TAA;times
AllSelfCrossAttentionModelTFG;env_permit;1;no-mask;2,508746071363421;3,800789609199434;0,49760120172937466;0,46222508028174597;TAT;times
AllSelfCrossAttentionModelTFG;env_permit;2;no-mask;2,625732831653314;3,4236601249192113;0,6866116470055424;0,5419281831442938;TAA;times
AllSelfCrossAttentionModelTFG;env_permit;3;no-mask;1,8307890416620347;2,5742068785813546;0,12312815130095639;0,27208782669105047;TAA;times
AllSelfCrossAttentionModelTFG;env_permit;2;no-mask;2,2564741704430653;3,2526630722275076;0,6657783481571636;0,5247681573009014;TAT;times
AllSelfCrossAttentionModelTFG;env_permit;3;no-mask;2,0291070432325418;2,7316636577729256;0,13069112172900443;0,28799487798187656;TAT;times
AllSelfCrossAttentionModelTFG;env_permit;4;no-mask;2,434353770642229;4,033123607476873;0,6408589208665046;0,5526447070349172;TAA;times
AllSelfCrossAttentionModelTFG;env_permit;4;no-mask;2,916029752894654;4,115345210317643;0,6527258259199838;0,5890373498855054;TAT;times
AllSelfCrossAttentionModelTFG;Helpdesk;0;no-mask;2,9316712362661983;4,654203342657823;0,08121114979913356;0,24608869845241443;TAA;times
AllSelfCrossAttentionModelTFG;Helpdesk;1;no-mask;3,041354312234484;4,6244774831007724;0,07814228321606972;0,24585806276234395;TAA;times
AllSelfCrossAttentionModelTFG;Helpdesk;0;no-mask;2,8300764184264215;4,509720527942364;0,08121487137757952;0,24491731330460192;TAT;times
AllSelfCrossAttentionModelTFG;Helpdesk;1;no-mask;3,0290740456655776;4,514568378096041;0,0836440644209905;0,2513664893484246;TAT;times
AllSelfCrossAttentionModelTFG;Helpdesk;2;no-mask;3,386808353651172;4,815086128155878;0,0848320176215694;0,2617636969872962;TAA;times
AllSelfCrossAttentionModelTFG;Helpdesk;2;no-mask;3,0189590109433304;4,609047292931679;0,07850853649240866;0,24702511596858825;TAT;times
AllSelfCrossAttentionModelTFG;Helpdesk;3;no-mask;3,513473453725879;4,928818814251401;0,09487182649094052;0,27556393854447375;TAA;times
AllSelfCrossAttentionModelTFG;Helpdesk;3;no-mask;3,008836354135416;4,5939723118365;0,07888303556883104;0,2486151002616864;TAT;times
AllSelfCrossAttentionModelTFG;Helpdesk;4;no-mask;2,5025125186578885;4,436219088409258;0,06486613554603493;0,20164376379339716;TAA;times
AllSelfCrossAttentionModelTFG;SEPSIS;0;no-mask;55,2556960493037;32,74294713512063;1,9757205174533805;1,3556354084938738;TAA;times
AllSelfCrossAttentionModelTFG;Helpdesk;4;no-mask;2,7394146781041564;4,572631068111207;0,0727363852839883;0,22413720142413396;TAT;times
AllSelfCrossAttentionModelTFG;SEPSIS;0;no-mask;55,79729985461573;32,12788876270255;2,013927089212219;1,3676151012924267;TAT;times
AllSelfCrossAttentionModelTFG;SEPSIS;1;no-mask;30,499048487483936;30,044958678451746;0,42377533119880345;0,6182273799761798;TAA;times
AllSelfCrossAttentionModelTFG;SEPSIS;1;no-mask;27,53456385978686;30,13768531556602;0,38440458230603214;0,5686250348180658;TAT;times
AllSelfCrossAttentionModelTFG;SEPSIS;2;no-mask;17,910423185581475;30,261092267357387;0,261529358525761;0,39863540784326884;TAA;times
AllSelfCrossAttentionModelTFG;SEPSIS;2;no-mask;13,526983907558122;29,104104412289765;0,21979431798178903;0,3265540715760652;TAT;times
AllSelfCrossAttentionModelTFG;SEPSIS;3;no-mask;16,321732980656538;25,765571463816237;0,4591618122644369;0,5166304142991129;TAA;times
AllSelfCrossAttentionModelTFG;SEPSIS;3;no-mask;16,02851774173693;26,837695083995857;0,4322647454719943;0,4943559564088195;TAT;times
AllSelfCrossAttentionModelTFG;SEPSIS;4;no-mask;21,891718196886412;25,128631215639064;0,5113528909306607;0,6530062632968404;TAA;times
AllSelfCrossAttentionModelTFG;BPI_Challenge_2013_closed_problems;0;no-mask;69,81765582818043;87,72588445607899;0,31745098612186384;0,5000171444063831;TAA;times
AllSelfCrossAttentionModelTFG;SEPSIS;4;no-mask;30,344688124765025;29,16378985291318;0,7949393561999126;0,8545931628933124;TAT;times
AllSelfCrossAttentionModelTFG;BPI_Challenge_2013_closed_problems;0;no-mask;58,862476023144325;90,85147803963967;0,30285502411529663;0,44643309934902636;TAT;times
AllSelfCrossAttentionModelTFG;BPI_Challenge_2013_closed_problems;1;no-mask;62,74773657673172;87,99012700035459;0,2898618296182533;0,4511197919364176;TAA;times
AllSelfCrossAttentionModelTFG;BPI_Challenge_2013_closed_problems;1;no-mask;52,68144109419414;88,77520445869082;0,262302963198523;0,4091621289772558;TAT;times
AllSelfCrossAttentionModelTFG;BPI_Challenge_2013_closed_problems;2;no-mask;48,31323116358713;97,38474884033204;0,3759369405482765;0,45216896977164905;TAA;times
AllSelfCrossAttentionModelTFG;BPI_Challenge_2013_closed_problems;2;no-mask;48,31323116358713;97,38474884033204;0,3759369405482765;0,45216896977164905;TAT;times
AllSelfCrossAttentionModelTFG;BPI_Challenge_2013_closed_problems;3;no-mask;77,14610243819253;98,74252047258265;0,418878716524954;0,5787883510946821;TAA;times
AllSelfCrossAttentionModelTFG;BPI_Challenge_2013_closed_problems;3;no-mask;98,10523401232733;97,30392519632976;0,652158869851217;0,7183485701549338;TAT;times
AllSelfCrossAttentionModelTFG;BPI_Challenge_2013_closed_problems;4;no-mask;41,620315262314044;76,78848643104236;0,2412260264572317;0,36712609772556315;TAA;times
AllSelfCrossAttentionModelTFG;BPI_Challenge_2013_closed_problems;4;no-mask;62,104830960793926;83,88283467292786;0,3221313311452501;0,4748771785462106;TAT;times
AllSelfCrossAttentionModelTFG;BPI_Challenge_2013_incidents;0;no-mask;22,709345398514664;10,549745190775756;0,992366680855635;0,9120956248170858;TAA;times
AllSelfCrossAttentionModelTFG;BPI_Challenge_2013_incidents;0;no-mask;26,48884076702995;10,410788103422044;1,4321811845992953;1,0197068957306796;TAT;times
AllSelfCrossAttentionModelTFG;BPI_Challenge_2013_incidents;1;no-mask;9,44803534624341;9,820949964017176;0,26459938247540804;0,4359684337925388;TAA;times
AllSelfCrossAttentionModelTFG;BPI_Challenge_2013_incidents;1;no-mask;7,912813909454032;9,304391710118875;0,2757965359587474;0,42642324823444966;TAT;times
AllSelfCrossAttentionModelTFG;BPI_Challenge_2013_incidents;2;no-mask;19,270913757719175;10,310329729272414;0,6317442538353087;0,7040126442819028;TAA;times
AllSelfCrossAttentionModelTFG;BPI_Challenge_2013_incidents;2;no-mask;18,317930586277786;9,720766604804782;0,617209536695677;0,6304445455656328;TAT;times
AllSelfCrossAttentionModelTFG;BPI_Challenge_2013_incidents;3;no-mask;18,533020460365567;12,307355098678904;2,0241459360558327;1,2703330567861808;TAA;times
AllSelfCrossAttentionModelTFG;BPI_Challenge_2013_incidents;3;no-mask;18,056653696738593;12,19615631506352;1,9490165219514848;1,2457834402298418;TAT;times
AllSelfCrossAttentionModelTFG;BPI_Challenge_2013_incidents;4;no-mask;26,419536076239805;10,78520823777777;4,326576610650992;1,4357231969246507;TAA;times
AllSelfCrossAttentionModelTFG;BPI_Challenge_2013_incidents;4;no-mask;50,695361172502146;10,954533801010225;6,5769354131120945;2,1404551800648766;TAT;times
AllSelfCrossAttentionModelTFG;BPI_Challenge_2012_A;0;no-mask;3,763457148336715;5,2421020547848345;0,4256302605588529;0,48904899378359;TAA;times
AllSelfCrossAttentionModelTFG;BPI_Challenge_2012_A;0;no-mask;3,8131569370720886;5,291500430574201;0,4221198889170515;0,489532502236522;TAT;times
AllSelfCrossAttentionModelTFG;BPI_Challenge_2012_A;1;no-mask;4,059825306061899;5,564774719374668;0,5222297931722861;0,5516102604325597;TAA;times
AllSelfCrossAttentionModelTFG;BPI_Challenge_2012_A;1;no-mask;3,8549058353337684;5,379698193215343;0,5066475591065376;0,5326345673624129;TAT;times
AllSelfCrossAttentionModelTFG;BPI_Challenge_2012_A;2;no-mask;3,875737055953826;5,4111989219798025;0,48341857754290013;0,5204929251075335;TAA;times
AllSelfCrossAttentionModelTFG;BPI_Challenge_2012_A;2;no-mask;3,842920143439463;5,38005936332047;0,4713698361996484;0,5125604741058609;TAT;times
AllSelfCrossAttentionModelTFG;BPI_Challenge_2012_A;3;no-mask;3,694705764203169;5,23527101132228;0,42336075958406627;0,48616780789963715;TAA;times
AllSelfCrossAttentionModelTFG;BPI_Challenge_2012_A;3;no-mask;3,7938377835655035;5,330208046039815;0,41899682249782466;0,48862249312091016;TAT;times
AllSelfCrossAttentionModelTFG;BPI_Challenge_2012_A;4;no-mask;3,784848088170426;5,28806481983798;0,45420938158517643;0,504890688368224;TAA;times
AllSelfCrossAttentionModelTFG;BPI_Challenge_2012_O;0;no-mask;6,057068482933123;6,189201581688643;0,6175386212730929;0,7136899612320662;TAA;times
AllSelfCrossAttentionModelTFG;BPI_Challenge_2012_A;4;no-mask;3,814839057724441;5,324089436340744;0,4487000044326439;0,502993964944413;TAT;times
AllSelfCrossAttentionModelTFG;BPI_Challenge_2012_O;0;no-mask;6,069609418378367;5,849394308547048;0,6423452688392501;0,7370509007603655;TAT;times
AllSelfCrossAttentionModelTFG;BPI_Challenge_2012_O;1;no-mask;4,871719693643621;6,602518091446983;0,488529679225759;0,6300086346845619;TAA;times
AllSelfCrossAttentionModelTFG;BPI_Challenge_2012_O;1;no-mask;5,3583531746863;6,783812290077919;0,5173880123833463;0,6508331005597336;TAT;times
AllSelfCrossAttentionModelTFG;BPI_Challenge_2012_O;2;no-mask;5,276014073763508;6,693807685747743;0,35107445610699956;0,5364188311433757;TAA;times
AllSelfCrossAttentionModelTFG;BPI_Challenge_2012_O;2;no-mask;5,27389371468231;5,658828575962356;0,4491074940770843;0,5920590835874984;TAT;times
AllSelfCrossAttentionModelTFG;BPI_Challenge_2012_O;3;no-mask;4,594154280582282;6,111334010059464;0,5028900844631137;0,6372516724324502;TAA;times
AllSelfCrossAttentionModelTFG;BPI_Challenge_2012_O;3;no-mask;4,779846534487824;5,995636036426856;0,49891509644591375;0,6391530466510851;TAT;times
AllSelfCrossAttentionModelTFG;BPI_Challenge_2012_O;4;no-mask;5,206055193628158;5,53036753786519;0,5488593592470496;0,6582026358369129;TAA;times
AllSelfCrossAttentionModelTFG;BPI_Challenge_2012_O;4;no-mask;5,655435158938214;5,456659484069978;0,6316780912705287;0,7070179140529358;TAT;times
AllSelfCrossAttentionModelTFG;BPI_Challenge_2012;0;no-mask;4,80990188509596;6,716686023179297;0,35070661986939183;0,5500628418807667;TAA;times
AllSelfCrossAttentionModelTFG;BPI_Challenge_2012;0;no-mask;4,828210382451593;6,604557193101867;0,3509860428748034;0,5497958193071638;TAT;times
AllSelfCrossAttentionModelTFG;BPI_Challenge_2012;1;no-mask;6,575877977219094;7,168870674002329;0,5752789623900154;0,7437092801199248;TAA;times
AllSelfCrossAttentionModelTFG;BPI_Challenge_2012;1;no-mask;5,415446341753165;7,225552844114718;0,4934307353911191;0,6541415679033777;TAT;times
AllSelfCrossAttentionModelTFG;BPI_Challenge_2012;2;no-mask;6,721847654875186;6,975751957919703;0,697056714246468;0,7924391586863898;TAA;times
AllSelfCrossAttentionModelTFG;BPI_Challenge_2012;3;no-mask;5,40042930616266;7,022756172657647;0,47032654467699025;0,6467853929207177;TAA;times
AllSelfCrossAttentionModelTFG;BPI_Challenge_2012;2;no-mask;8,435200800541695;6,973143550047434;0,9191751312584436;0,9278783967478046;TAT;times
AllSelfCrossAttentionModelTFG;BPI_Challenge_2012;3;no-mask;8,315245573541496;7,091889245036222;1,02522617850651;0,906139931885931;TAT;times
AllSelfCrossAttentionModelTFG;BPI_Challenge_2012;4;no-mask;7,354686187565982;6,826383031128596;0,6929411804446627;0,7852184765131307;TAA;times
AllSelfCrossAttentionModelTFG;BPI_Challenge_2012_A;0;no-mask;3,8045645013375906;5,289719449562713;0,42013348999409655;0,48774728647044246;TAA;times
AllSelfCrossAttentionModelTFG;BPI_Challenge_2012;4;no-mask;7,678977166208312;6,7936285155290665;0,8354150442751042;0,8345460953726762;TAT;times
AllSelfCrossAttentionModelTFG;BPI_Challenge_2012_A;0;no-mask;3,7293453646254644;5,1977306314382155;0,4310693070066604;0,4915812109456819;TAT;times
AllSelfCrossAttentionModelTFG;BPI_Challenge_2012_A;1;no-mask;4,040905443648844;5,521338866178031;0,5044987674657423;0,5420326083414705;TAA;times
AllSelfCrossAttentionModelTFG;BPI_Challenge_2012_A;1;no-mask;3,943891542871353;5,446993968468704;0,5059053949424308;0,537383556820167;TAT;times
AllSelfCrossAttentionModelTFG;BPI_Challenge_2012_A;2;no-mask;3,905110837258489;5,435023856110207;0,4681281861060521;0,5156623425193879;TAA;times
AllSelfCrossAttentionModelTFG;BPI_Challenge_2012_A;2;no-mask;3,94707842169818;5,4430533960605665;0,4773865610973965;0,5226089888217144;TAT;times
AllSelfCrossAttentionModelTFG;BPI_Challenge_2012_A;3;no-mask;3,735033247773101;5,245050684889245;0,42685961716203297;0,49298529397468427;TAA;times
AllSelfCrossAttentionModelTFG;BPI_Challenge_2012_A;3;no-mask;3,785346562832181;5,346029330656356;0,42804012536832237;0,49237662199527304;TAT;times
AllSelfCrossAttentionModelTFG;BPI_Challenge_2012_A;4;no-mask;3,84050690508174;5,348786020999073;0,45052546979584673;0,5064620959923304;TAA;times
AllSelfCrossAttentionModelTFG;BPI_Challenge_2012_A;4;no-mask;3,9163910574634557;5,417238473506421;0,4504449637254252;0,5087950441928234;TAT;times
AllSelfCrossAttentionModelTFG;BPI_Challenge_2012_Complete;0;no-mask;3,7757475321807297;6,112316360695468;0,2784452561826956;0,4732787483219718;TAA;times
AllSelfCrossAttentionModelTFG;BPI_Challenge_2012_Complete;0;no-mask;3,696250808372871;6,094637437456884;0,2804457954616747;0,4711193869962802;TAT;times
AllSelfCrossAttentionModelTFG;BPI_Challenge_2012_Complete;1;no-mask;4,838936048741563;6,504108912228043;0,4897321886365483;0,6627591780704846;TAA;times
AllSelfCrossAttentionModelTFG;BPI_Challenge_2012_Complete;1;no-mask;4,903978335283302;6,547277962622036;0,5366853757442003;0,6843541524946033;TAT;times
AllSelfCrossAttentionModelTFG;BPI_Challenge_2012_Complete;2;no-mask;6,141557157815725;6,47013391969786;0,5999501906750535;0,753139447876737;TAA;times
AllSelfCrossAttentionModelTFG;BPI_Challenge_2012_Complete;2;no-mask;6,562386306686117;6,418844865581204;0,6345350320504083;0,7780441702915425;TAT;times
AllSelfCrossAttentionModelTFG;BPI_Challenge_2012_Complete;3;no-mask;4,025887224551705;6,302615208835681;0,3025112705405656;0,4940450788813254;TAA;times
AllSelfCrossAttentionModelTFG;BPI_Challenge_2012_Complete;3;no-mask;4,521629730563786;6,288432701335813;0,46191841782787163;0,6297151319629471;TAT;times
AllSelfCrossAttentionModelTFG;BPI_Challenge_2012_Complete;4;no-mask;5,9111739946303485;6,093515265656055;0,6516154494251282;0,7486065120713007;TAA;times
AllSelfCrossAttentionModelTFG;BPI_Challenge_2012_O;0;no-mask;6,037484936206267;5,864685997794532;0,6762890555055343;0,7476656089415277;TAA;times
AllSelfCrossAttentionModelTFG;BPI_Challenge_2012_O;0;no-mask;5,493900605243268;6,040909819913489;0,5171280453119594;0,6689605936370538;TAT;times
AllSelfCrossAttentionModelTFG;BPI_Challenge_2012_O;1;no-mask;5,180851967596867;6,777777006446142;0,5078011957915999;0,6482346830163997;TAA;times
AllSelfCrossAttentionModelTFG;BPI_Challenge_2012_Complete;4;no-mask;5,8906693306899935;6,190618736892738;0,6112793542494476;0,7328893336152033;TAT;times
AllSelfCrossAttentionModelTFG;BPI_Challenge_2012_O;1;no-mask;5,0585335050748625;6,531958792611337;0,49154294095326895;0,6368012314748533;TAT;times
AllSelfCrossAttentionModelTFG;BPI_Challenge_2012_O;2;no-mask;4,067201973178557;5,668033215616431;0,2963232830851742;0,4727338713299971;TAA;times
AllSelfCrossAttentionModelTFG;BPI_Challenge_2012_O;2;no-mask;4,3832564976906205;5,6208867293649485;0,30198595569438025;0,4937110959872717;TAT;times
AllSelfCrossAttentionModelTFG;BPI_Challenge_2012_O;3;no-mask;4,727583745265669;6,189199410507391;0,5629654295081487;0,6700682499376728;TAA;times
AllSelfCrossAttentionModelTFG;BPI_Challenge_2012_O;4;no-mask;4,664093604592693;5,4541193018980625;0,4550178545843099;0,6031216678422596;TAA;times
AllSelfCrossAttentionModelTFG;BPI_Challenge_2012_O;3;no-mask;4,727583745265669;6,189199410507391;0,5629654295081487;0,6700682499376728;TAT;times
AllSelfCrossAttentionModelTFG;BPI_Challenge_2012_O;4;no-mask;4,896555175969269;5,632833285983902;0,43761148376393344;0,6043202359440579;TAT;times
AllSelfCrossAttentionModelTFG;BPI_Challenge_2012_W;0;no-mask;8,27269483786007;7,509631730921913;0,9142770249547318;0,9070752440596332;TAA;times
AllSelfCrossAttentionModelTFG;BPI_Challenge_2012_W;1;no-mask;6,280479841312414;7,375231174908522;0,5449393535190968;0,7068594027188657;TAA;times
AllSelfCrossAttentionModelTFG;BPI_Challenge_2012_W;0;no-mask;8,933021060125139;7,437352303521398;1,092302071019834;0,981299894688276;TAT;times
AllSelfCrossAttentionModelTFG;BPI_Challenge_2012_W;1;no-mask;6,295199440486364;7,281346297458737;0,47864805212209477;0,672680477755431;TAT;times
AllSelfCrossAttentionModelTFG;BPI_Challenge_2012_W;2;no-mask;6,874040894387603;7,324696978252832;0,5169073328182515;0,6952237066781821;TAA;times
AllSelfCrossAttentionModelTFG;BPI_Challenge_2012_W;2;no-mask;10,577651369233108;7,393143055811153;1,338502020073952;1,0742545535589023;TAT;times
AllSelfCrossAttentionModelTFG;BPI_Challenge_2012_W;3;no-mask;7,355063855920159;7,470198105556733;0,8593429381353773;0,8843063860709832;TAA;times
AllSelfCrossAttentionModelTFG;BPI_Challenge_2012_W;3;no-mask;7,954941513863783;7,879970261178938;0,9958631039986026;0,9603004087497532;TAT;times
AllSelfCrossAttentionModelTFG;BPI_Challenge_2012_W;4;no-mask;5,657112081933334;7,148612782372246;0,4972040144040899;0,6294185141069447;TAA;times
AllSelfCrossAttentionModelTFG;BPI_Challenge_2012_W;4;no-mask;5,825039779894973;7,2059730083104645;0,46818468460190427;0,6282950284792537;TAT;times
AllSelfCrossAttentionModelTFG;BPI_Challenge_2012_W_Complete;0;no-mask;9,561551453680307;7,194422546689734;1,1870769505467473;1,0679026314449471;TAA;times
AllSelfCrossAttentionModelTFG;BPI_Challenge_2012_W_Complete;0;no-mask;8,352081769861506;7,2439170266607125;1,036568827235414;0,963077923769312;TAT;times
AllSelfCrossAttentionModelTFG;BPI_Challenge_2012_W_Complete;1;no-mask;6,448210775340571;7,164234167636549;0,544090619372121;0,7105701678235937;TAA;times
AllSelfCrossAttentionModelTFG;BPI_Challenge_2012_W_Complete;1;no-mask;5,968550826409156;7,360704091567976;0,5841781188748383;0,698164663292125;TAT;times
AllSelfCrossAttentionModelTFG;BPI_Challenge_2012_W_Complete;2;no-mask;6,347906670229778;6,85630550753137;0,577620658069841;0,7127543962368648;TAA;times
AllSelfCrossAttentionModelTFG;BPI_Challenge_2012_W_Complete;2;no-mask;6,720117823972794;6,75930229329289;0,6268461974663042;0,7280408807807734;TAT;times
AllSelfCrossAttentionModelTFG;BPI_Challenge_2012_W_Complete;3;no-mask;7,358487879141207;7,225076813736038;0,9963453308128831;0,9424399551784622;TAA;times
AllSelfCrossAttentionModelTFG;BPI_Challenge_2012_W_Complete;3;no-mask;7,09536539666585;7,112350081394096;0,8636131943925014;0,8786512353948719;TAT;times
AllSelfCrossAttentionModelTFG;BPI_Challenge_2012_W_Complete;4;no-mask;5,498154830559068;6,919110059911094;0,44771559593459875;0,6129506991532605;TAA;times
AllSelfCrossAttentionModelTFG;BPI_Challenge_2012_W_Complete;4;no-mask;5,658335982150902;6,848663745466007;0,5107844187376072;0,6676407928699909;TAT;times