model;dataset;fold;masking;MAE prefixes;MAE;MSE;RMSE;configuration
CrossAttentionModelTFG;env_permit;0;no-mask;1,6014739905849733;2,8730889945030214;0,15469892025934556;0,25600347721068784;TAA
CrossAttentionModelTFG;env_permit;0;no-mask;1,9382251509287602;6,309793822050095;6,28804675362329;0,32330337056623104;ATT
CrossAttentionModelTFG;env_permit;0;no-mask;2,2357465022847167;13,359106132984161;13,61791409028082;0,34640544382641486;TAT
CrossAttentionModelTFG;env_permit;1;no-mask;1,9405641976987347;3,5929739097441273;0,49114230660017566;0,422413223958832;TAA
CrossAttentionModelTFG;env_permit;1;no-mask;2,151120475013329;3,6325878773148603;0,4895213931901205;0,4400793416696309;ATT
CrossAttentionModelTFG;env_permit;1;no-mask;2,2391424581622874;3,6572056490135942;0,4967058120596492;0,44602266463661877;TAT
CrossAttentionModelTFG;env_permit;2;no-mask;1,9546269060868453;3,1434882105320923;0,6606100091114064;0,4860292507754567;TAA
CrossAttentionModelTFG;env_permit;2;no-mask;2,1042375986860167;3,2463430877803834;0,6947999026498641;0,5424668447712664;ATT
CrossAttentionModelTFG;env_permit;2;no-mask;2,2514509082602494;3,186078580775002;0,6721052293292353;0,5268524053014447;TAT
CrossAttentionModelTFG;env_permit;3;no-mask;1,7567816561882428;2,719506038292762;0,1144805429819917;0,2547754200495025;TAA
CrossAttentionModelTFG;env_permit;3;no-mask;1,6433405073553216;2,5850260190425383;0,122135675204081;0,2622798375541671;ATT
CrossAttentionModelTFG;env_permit;3;no-mask;1,8863529164684556;2,710712336244122;0,11935430340591048;0,26897516497828095;TAT
CrossAttentionModelTFG;env_permit;4;no-mask;2,5961223890225296;4,296926297968434;0,6980918060830702;0,5792310407847868;TAA
CrossAttentionModelTFG;env_permit;4;no-mask;2,353841918889791;4,038784738029203;0,6339996976848997;0,5386833460647328;ATT
CrossAttentionModelTFG;env_permit;4;no-mask;2,411197893703233;4,020107038559452;0,6339313564792401;0,5459001383760086;TAT
CrossAttentionModelTFG;Helpdesk;0;no-mask;2,877499602355209;4,384859204292297;0,08048417124109199;0,24757538388217734;TAA
CrossAttentionModelTFG;Helpdesk;0;no-mask;2,90548212859066;4,39616977434892;0,07040874497481757;0,23253122759800332;ATT
CrossAttentionModelTFG;Helpdesk;0;no-mask;2,8562057737922957;4,394635358957144;0,07447589786504122;0,2353757906023014;TAT
CrossAttentionModelTFG;Helpdesk;1;no-mask;2,8351392493696475;4,461381022604356;0,07441444902015112;0,22995552800723712;TAA
CrossAttentionModelTFG;Helpdesk;1;no-mask;3,043893232589042;4,394697969189342;0,07527253437083914;0,24013481287523133;ATT
CrossAttentionModelTFG;Helpdesk;1;no-mask;3,0515453499697505;4,5593801736831665;0,07750023872412956;0,23769902699844317;TAT
CrossAttentionModelTFG;Helpdesk;2;no-mask;2,8613067799202363;4,50734363669998;0,07880360738535261;0,2444835503757658;TAA
CrossAttentionModelTFG;Helpdesk;2;no-mask;2,9374646791677326;4,348844129249362;0,0712618071859859;0,22960220448065494;ATT
CrossAttentionModelTFG;Helpdesk;2;no-mask;3,0706049736666468;4,464962403832769;0,07360514228125688;0,23987127127538874;TAT
CrossAttentionModelTFG;Helpdesk;3;no-mask;3,1506993910674033;4,476361083692732;0,07116392580395252;0,24196953351339173;TAA
CrossAttentionModelTFG;Helpdesk;3;no-mask;4,557100128361938;4,472980955142858;0,14215595097718137;0,3538855292684398;ATT
CrossAttentionModelTFG;Helpdesk;3;no-mask;4,583479685898329;4,5521932446628535;0,12378709393758329;0,32231941266864256;TAT
CrossAttentionModelTFG;Helpdesk;4;no-mask;2,676063586270511;4,510634698482774;0,06822525795141537;0,21631299200049345;TAA
CrossAttentionModelTFG;Helpdesk;4;no-mask;3,044332985903431;4,463780722632912;0,07952749121456834;0,2426427911301957;ATT
CrossAttentionModelTFG;Helpdesk;4;no-mask;3,3269495747066222;4,584324703823706;0,0786457219337153;0,24446519491320431;TAT
CrossAttentionModelTFG;SEPSIS;0;no-mask;56,21891234419684;32,18833062797785;2,086775727748599;1,399822539604067;TAA
CrossAttentionModelTFG;SEPSIS;0;no-mask;57,78968304056194;32,010582000017166;2,0750814517989107;1,3865865405893592;ATT
CrossAttentionModelTFG;SEPSIS;0;no-mask;52,260837950640465;31,08396377786994;2,047027049881435;1,374269173047641;TAT
CrossAttentionModelTFG;SEPSIS;1;no-mask;30,265215607255293;31,287571529547375;0,39834527502704326;0,5905226173950803;TAA
CrossAttentionModelTFG;SEPSIS;1;no-mask;24,3790312662065;50,902979771027695;0,7306877640318745;0,5676217478523081;ATT
CrossAttentionModelTFG;SEPSIS;1;no-mask;49,93513612320774;32,693413615226746;0,9859786248285473;0,9537652486099737;TAT
CrossAttentionModelTFG;SEPSIS;2;no-mask;17,04226248330326;31,191769079520153;0,25704589464891736;0,38245078833300844;TAA
CrossAttentionModelTFG;SEPSIS;2;no-mask;13,297646463067279;29,405910370441582;0,2223073653433039;0,3226226712684573;ATT
CrossAttentionModelTFG;SEPSIS;2;no-mask;22,261968060511425;29,965867042541504;0,3078311479655319;0,48325088185494636;TAT
CrossAttentionModelTFG;SEPSIS;3;no-mask;19,507629219904583;27,231114526786428;0,4624359490536422;0,5567516563206736;TAA
CrossAttentionModelTFG;SEPSIS;3;no-mask;24,309653716679765;27,148010501177005;0,5792945363965886;0,6729549990988345;ATT
CrossAttentionModelTFG;SEPSIS;3;no-mask;19,04817117988264;26,485910546661604;0,492472321261298;0,5582708617947525;TAT
CrossAttentionModelTFG;SEPSIS;4;no-mask;29,119325742764236;25,973647920578873;0,7032826011278731;0,7993565900663421;TAA
CrossAttentionModelTFG;SEPSIS;4;no-mask;18,984479886298626;24,961696178801937;0,4561118200933223;0,5747702657293877;ATT
CrossAttentionModelTFG;SEPSIS;4;no-mask;21,42317900450723;25,56049482686532;0,4636151475630351;0,602639629611318;TAT
CrossAttentionModelTFG;BPI_Challenge_2013_closed_problems;0;no-mask;62,08256766354382;87,11704894871387;0,2767552141246017;0,4461224733322141;TAA
CrossAttentionModelTFG;BPI_Challenge_2013_closed_problems;0;no-mask;59,779120712458464;87,9840807868439;0,2939580272062865;0,4527782314878204;ATT
CrossAttentionModelTFG;BPI_Challenge_2013_closed_problems;0;no-mask;148,3673838402268;88,10410781045562;1,0291602184410789;0,8808534571326422;TAT
CrossAttentionModelTFG;BPI_Challenge_2013_closed_problems;1;no-mask;58,03810408908785;92,27880150931222;0,2968040126990883;0,4385896500510474;TAA
CrossAttentionModelTFG;BPI_Challenge_2013_closed_problems;1;no-mask;57,585836711384005;105,4322236651466;0,43418047028061707;0,4567752498401595;ATT
CrossAttentionModelTFG;BPI_Challenge_2013_closed_problems;1;no-mask;73,83386195387159;107,34858038766043;0,5055751801568217;0,5343852238308283;TAT
CrossAttentionModelTFG;BPI_Challenge_2013_closed_problems;2;no-mask;56,021455601394614;94,60323307400658;0,3378971293086276;0,47031852131976537;TAA
CrossAttentionModelTFG;BPI_Challenge_2013_closed_problems;2;no-mask;54,89325445667086;96,17611909593855;0,3298739708491016;0,45873252993888713;ATT
CrossAttentionModelTFG;BPI_Challenge_2013_closed_problems;2;no-mask;52,32599152470489;98,41188369024367;0,3524137313600123;0,4548891376605907;TAT
CrossAttentionModelTFG;BPI_Challenge_2013_closed_problems;3;no-mask;87,67151916240488;99,8033478119794;0,5384346022430049;0,6607743124170935;TAA
CrossAttentionModelTFG;BPI_Challenge_2013_closed_problems;3;no-mask;85,91879618555282;95,07778951233509;0,5572329257055412;0,6582571642770284;ATT
CrossAttentionModelTFG;BPI_Challenge_2013_closed_problems;3;no-mask;93,34477870830591;103,5127026240031;0,507450950531335;0,6561763536264422;TAT
CrossAttentionModelTFG;BPI_Challenge_2013_closed_problems;4;no-mask;43,98869934280714;83,51409735282262;0,23203759088770093;0,35228168538517574;TAA
CrossAttentionModelTFG;BPI_Challenge_2013_closed_problems;4;no-mask;49,3183853964914;79,91643539071083;0,2615631947689425;0,41176197377781415;ATT
CrossAttentionModelTFG;BPI_Challenge_2013_closed_problems;4;no-mask;53,52303842667377;84,27025433381398;0,2559053892472576;0,4070766716758071;TAT
CrossAttentionModelTFG;BPI_Challenge_2013_incidents;0;no-mask;26,04658914546653;10,635775648992816;1,2843334566541542;0,9810502932361852;TAA
CrossAttentionModelTFG;BPI_Challenge_2013_incidents;0;no-mask;27,01528606509125;10,64808914342742;1,393514742561792;1,0335658425964602;ATT
CrossAttentionModelTFG;BPI_Challenge_2013_incidents;0;no-mask;28,746144929653124;10,870238726402258;1,386183520285116;1,0618712864557314;TAT
CrossAttentionModelTFG;BPI_Challenge_2013_incidents;1;no-mask;9,072333368123482;9,265578843761423;0,27272792567205645;0,44291840710588826;TAA
CrossAttentionModelTFG;BPI_Challenge_2013_incidents;1;no-mask;11,075634428081843;9,678519056762397;0,405933565750515;0,5275440873842621;ATT
CrossAttentionModelTFG;BPI_Challenge_2013_incidents;1;no-mask;14,325315840139373;9,29716611294773;0,3710184359576967;0,583020663385458;TAT
CrossAttentionModelTFG;BPI_Challenge_2013_incidents;2;no-mask;15,8762289751256;9,765121589269352;0,5076975592446271;0,6129406382936015;TAA
CrossAttentionModelTFG;BPI_Challenge_2013_incidents;2;no-mask;11,225694244543515;9,756665557523899;0,2817310515177763;0,45348667820471844;ATT
CrossAttentionModelTFG;BPI_Challenge_2013_incidents;2;no-mask;22,536782655361133;9,682548642158508;0,7397107418157319;0,7464718477266583;TAT
CrossAttentionModelTFG;BPI_Challenge_2013_incidents;3;no-mask;19,326214521994224;12,43200999833012;2,0249908311045597;1,2778821698117095;TAA
CrossAttentionModelTFG;BPI_Challenge_2013_incidents;3;no-mask;17,498717674536564;12,178525332235179;1,9934457052169234;1,2359469322135477;ATT
CrossAttentionModelTFG;BPI_Challenge_2013_incidents;3;no-mask;21,39401120012818;12,770014629525653;2,2291265531646327;1,3557591076960607;TAT
CrossAttentionModelTFG;BPI_Challenge_2013_incidents;4;no-mask;37,891276216175186;11,056946311904266;4,980986073800923;1,743488129998029;TAA
CrossAttentionModelTFG;BPI_Challenge_2013_incidents;4;no-mask;43,11106714662895;11,965490963079233;6,1740216876821234;1,933439310294709;ATT
CrossAttentionModelTFG;BPI_Challenge_2013_incidents;4;no-mask;35,210883130267554;10,957326764158443;4,964426995961001;1,6867007824800129;TAT
CrossAttentionModelTFG;BPI_Challenge_2012_A;0;no-mask;3,954060271031234;5,349886292661866;0,42673516135805656;0,502817943898378;TAA
CrossAttentionModelTFG;BPI_Challenge_2012_A;0;no-mask;3,900583093174336;5,331042792620007;0,4284082936616463;0,501485899960694;ATT
CrossAttentionModelTFG;BPI_Challenge_2012_A;0;no-mask;3,9143162192714525;5,3013518392975545;0,4827987344682812;0,5414348795609504;TAT
CrossAttentionModelTFG;BPI_Challenge_2012_A;1;no-mask;3,8813566172133194;5,3241343260586325;0,522192726944399;0,5459883665891005;TAA
CrossAttentionModelTFG;BPI_Challenge_2012_A;1;no-mask;3,9063131106006934;5,385537170769721;0,5098901425541913;0,5427707262407208;ATT
CrossAttentionModelTFG;BPI_Challenge_2012_A;1;no-mask;4,181571910274784;5,543392901043463;0,532263805153962;0,5699991092196891;TAT
CrossAttentionModelTFG;BPI_Challenge_2012_A;2;no-mask;3,991708688776238;5,468090634789042;0,4771431028184577;0,5251908279283599;TAA
CrossAttentionModelTFG;BPI_Challenge_2012_A;2;no-mask;4,316749793800973;5,916807467055884;0,5552627264906156;0,5666758124413799;ATT
CrossAttentionModelTFG;BPI_Challenge_2012_A;2;no-mask;4,051573759540085;5,405791483123243;0,49522830459598843;0,5478803746374253;TAT
CrossAttentionModelTFG;BPI_Challenge_2012_A;3;no-mask;3,68786401873265;5,21968887866978;0,4263684565017074;0,488003002726156;TAA
CrossAttentionModelTFG;BPI_Challenge_2012_A;3;no-mask;3,864029428816184;5,279918382543443;0,43573856744580913;0,5117808053728804;ATT
CrossAttentionModelTFG;BPI_Challenge_2012_A;3;no-mask;3,9871043643311834;5,4368715806654295;0,4653298714859305;0,5297084499537593;TAT
CrossAttentionModelTFG;BPI_Challenge_2012_A;4;no-mask;3,7659301751080805;5,298351447816291;0,4466883787299399;0,4986935472471274;TAA
CrossAttentionModelTFG;BPI_Challenge_2012_A;4;no-mask;8,950004153874993;12,562996189828315;1711,5392928463805;17,79614351556104;ATT
CrossAttentionModelTFG;BPI_Challenge_2012_A;4;no-mask;8,08293417162263;11,795181958034972;1790,6515341990923;17,024411038400935;TAT
CrossAttentionModelTFG;BPI_Challenge_2012_O;0;no-mask;6,197006651457387;5,727442249688618;0,7057802368538745;0,7639155728710897;TAA
CrossAttentionModelTFG;BPI_Challenge_2012_O;0;no-mask;6,015032793152015;5,924081078296728;0,5737773929278047;0,7118904355990124;ATT
CrossAttentionModelTFG;BPI_Challenge_2012_O;0;no-mask;5,855165582982724;5,883975222805478;0,626646537416416;0,7255002225402425;TAT
CrossAttentionModelTFG;BPI_Challenge_2012_O;1;no-mask;5,088470253570182;6,586486818949555;0,5324780514775123;0,6508338646167561;TAA
CrossAttentionModelTFG;BPI_Challenge_2012_O;1;no-mask;4,845305712962804;6,431591885812434;0,516402643793669;0,6464052173528786;ATT
CrossAttentionModelTFG;BPI_Challenge_2012_O;1;no-mask;6,069472469869399;6,5287769410751055;0,5640062033019001;0,7109508220677245;TAT
CrossAttentionModelTFG;BPI_Challenge_2012_O;2;no-mask;4,355122170683795;5,640669566180025;0,3102818343028784;0,4919713920595573;TAA
CrossAttentionModelTFG;BPI_Challenge_2012_O;2;no-mask;4,429507301741424;5,5935559111780355;0,29644100870723594;0,49665682403612577;ATT
CrossAttentionModelTFG;BPI_Challenge_2012_O;2;no-mask;3,9680258147363063;5,764653851411173;0,27042360281425537;0,4489805782521823;TAT
CrossAttentionModelTFG;BPI_Challenge_2012_O;3;no-mask;4,454439763503749;6,091429341712902;0,5133290910019523;0,632765753176157;TAA
CrossAttentionModelTFG;BPI_Challenge_2012_O;3;no-mask;4,649732905256444;5,9862164061131145;0,5353482734578403;0,6651191407207455;ATT
CrossAttentionModelTFG;BPI_Challenge_2012_O;3;no-mask;4,641863352912692;5,997067617830531;0,5020367021278432;0,6326589589958258;TAT
CrossAttentionModelTFG;BPI_Challenge_2012_O;4;no-mask;5,087819896671804;5,803315104123188;0,4642828764719419;0,6221716494305736;TAA
CrossAttentionModelTFG;BPI_Challenge_2012_O;4;no-mask;4,728039357043393;5,534234125183837;0,4685586716214127;0,6109103693992424;ATT
CrossAttentionModelTFG;BPI_Challenge_2012_O;4;no-mask;5,558802415255418;5,633155058184012;0,5051866686117745;0,6635057924120089;TAT
CrossAttentionModelTFG;BPI_Challenge_2012;0;no-mask;4,857816372993992;6,674815226432483;0,3307601963882248;0,5375966053135316;TAA
CrossAttentionModelTFG;BPI_Challenge_2012;0;no-mask;6,940560093602182;6,691765433116774;0,5688057082690506;0,7262482979822383;ATT
CrossAttentionModelTFG;BPI_Challenge_2012;0;no-mask;6,851352291461429;6,716808481384784;0,5448757607831531;0,7230847629021381;TAT
CrossAttentionModelTFG;BPI_Challenge_2012;1;no-mask;6,081941581190055;7,150300382535993;0,5241094944207424;0,6921941852865007;TAA
CrossAttentionModelTFG;BPI_Challenge_2012;1;no-mask;5,842531429087558;7,717246483923277;0,9102534448657811;0,7837815867370421;ATT
CrossAttentionModelTFG;BPI_Challenge_2012;1;no-mask;5,400703777098923;7,265849017539742;0,7907686616662374;0,7168527035727635;TAT
CrossAttentionModelTFG;BPI_Challenge_2012;2;no-mask;8,279105604526201;6,918458834581175;0,9501880570341081;0,9412978514611693;TAA
CrossAttentionModelTFG;BPI_Challenge_2012;2;no-mask;6,292575361752204;6,93365233230372;0,6515784555558741;0,7555598778510301;ATT
CrossAttentionModelTFG;BPI_Challenge_2012;2;no-mask;7,31755335199867;6,863829224062116;0,765928840025221;0,8459699460150001;TAT
CrossAttentionModelTFG;BPI_Challenge_2012;3;no-mask;4,765614626079931;7,009321551895395;0,4063238407682318;0,5739986481945177;TAA
CrossAttentionModelTFG;BPI_Challenge_2012;3;no-mask;4,744431797449576;6,891757660349023;0,3960258828105785;0,5624977318771982;ATT
CrossAttentionModelTFG;BPI_Challenge_2012;3;no-mask;5,311635631576989;6,850827400211181;0,4471805701566509;0,6305169066129062;TAT
CrossAttentionModelTFG;BPI_Challenge_2012;4;no-mask;9,50112005048669;6,759254314820282;1,0881002569720137;0,9731104093423663;TAA
CrossAttentionModelTFG;BPI_Challenge_2012;4;no-mask;9,33253896308432;6,667386885766906;1,1077899105593725;0,9872031768868487;ATT
CrossAttentionModelTFG;BPI_Challenge_2012;4;no-mask;10,856556228512764;6,832690508639509;1,420336458233217;1,1152060821585725;TAT
CrossAttentionModelTFG;BPI_Challenge_2012_A;0;no-mask;3,9288344008940643;5,306766224112783;0,42787849814519735;0,5051872150901622;TAA
CrossAttentionModelTFG;BPI_Challenge_2012_A;0;no-mask;4,171007012192225;5,55301707668633;0,44553625267233826;0,5240916462885483;ATT
CrossAttentionModelTFG;BPI_Challenge_2012_A;0;no-mask;3,823369522574812;5,279237488755882;0,4271821134851873;0,49384709072855365;TAT
CrossAttentionModelTFG;BPI_Challenge_2012_A;1;no-mask;3,9668264746367856;5,4400657802852495;0,5103583222734543;0,5423393269169814;TAA
CrossAttentionModelTFG;BPI_Challenge_2012_A;1;no-mask;3,917517718584921;5,357923516989529;0,5243580655371891;0,559338008847962;ATT
CrossAttentionModelTFG;BPI_Challenge_2012_A;1;no-mask;3,8891670407233714;5,41689446636295;0,5122024416248233;0,5384223310013033;TAT
CrossAttentionModelTFG;BPI_Challenge_2012_A;2;no-mask;3,870514304441393;5,404018360069052;0,4725982366866255;0,5145132754241236;TAA
CrossAttentionModelTFG;BPI_Challenge_2012_A;2;no-mask;3,9705912564309345;5,462267422202323;0,47836113164895244;0,525129918374341;ATT
CrossAttentionModelTFG;BPI_Challenge_2012_A;2;no-mask;3,911561344557219;5,431373709862778;0,48696232461070893;0,5309749592487386;TAT
CrossAttentionModelTFG;BPI_Challenge_2012_A;3;no-mask;3,7288009977008967;5,274834690391366;0,42167115952626344;0,48601029122295764;TAA
CrossAttentionModelTFG;BPI_Challenge_2012_A;3;no-mask;3,739636955686557;5,281459203173347;0,43045120095384665;0,4917467340413108;ATT
CrossAttentionModelTFG;BPI_Challenge_2012_A;3;no-mask;3,9051129874875774;5,380539301057352;0,4356600406561949;0,5059692210373132;TAT
CrossAttentionModelTFG;BPI_Challenge_2012_A;4;no-mask;3,8981105878070905;5,392535786026889;0,45095261910290624;0,5088495050939734;TAA
CrossAttentionModelTFG;BPI_Challenge_2012_A;4;no-mask;3,851502729592411;5,377657164647741;0,47458601794865857;0,5185247227980462;ATT
CrossAttentionModelTFG;BPI_Challenge_2012_A;4;no-mask;14,181755368155665;20,796530206998188;8528,737444934466;38,82414927585454;TAT
CrossAttentionModelTFG;BPI_Challenge_2012_Complete;0;no-mask;3,8559666602757843;6,110805042444745;0,28153383723525993;0,4779856586007748;TAA
CrossAttentionModelTFG;BPI_Challenge_2012_Complete;0;no-mask;4,357726453842107;6,074854730994398;0,31842156683554157;0,5144818537939723;ATT
CrossAttentionModelTFG;BPI_Challenge_2012_Complete;0;no-mask;4,179282540955316;6,173959384308059;0,29741580079043956;0,4955690257700131;TAT
CrossAttentionModelTFG;BPI_Challenge_2012_Complete;1;no-mask;4,745921345453666;6,505020852584566;0,4798351704794016;0,6528180262411041;TAA
CrossAttentionModelTFG;BPI_Challenge_2012_Complete;1;no-mask;4,916093700556175;6,5952137028364515;0,5114482371947259;0,668461132814492;ATT
CrossAttentionModelTFG;BPI_Challenge_2012_Complete;1;no-mask;6,9845624742431935;6,629936446899742;0,7687825501583907;0,859395570194858;TAT
CrossAttentionModelTFG;BPI_Challenge_2012_Complete;2;no-mask;5,297815341366916;6,283761357004879;0,522989404330227;0,6718312434014583;TAA
CrossAttentionModelTFG;BPI_Challenge_2012_Complete;2;no-mask;6,900952997783741;7,213682862640541;1,1634145466403973;0,8095956749905886;ATT
CrossAttentionModelTFG;BPI_Challenge_2012_Complete;2;no-mask;8,093320237521027;6,460762836234524;0,954128294924661;0,9233107526668585;TAT
CrossAttentionModelTFG;BPI_Challenge_2012_Complete;3;no-mask;4,258451502196775;6,160847825107089;0,3539176002253986;0,5492123195439601;TAA
CrossAttentionModelTFG;BPI_Challenge_2012_Complete;3;no-mask;4,4146044047663;6,40036880147397;0,35279074492007384;0,5412803669645675;ATT
CrossAttentionModelTFG;BPI_Challenge_2012_Complete;3;no-mask;4,537717062642207;6,212206834229456;0,3380798821618239;0,5474097231646539;TAT
CrossAttentionModelTFG;BPI_Challenge_2012_Complete;4;no-mask;5,68507664002558;6,181106318017534;0,5341978596722768;0,6772098624020539;TAA
CrossAttentionModelTFG;BPI_Challenge_2012_Complete;4;no-mask;5,177470940454516;6,089727376752667;0,49270899328131657;0,6610643528834637;ATT
CrossAttentionModelTFG;BPI_Challenge_2012_O;0;no-mask;5,499353747267347;5,989689118156896;0,5281767689998537;0,6778975563891779;TAA
CrossAttentionModelTFG;BPI_Challenge_2012_O;0;no-mask;6,571596796248856;6,014020247043627;0,8023265190378989;0,8058642153229302;ATT
CrossAttentionModelTFG;BPI_Challenge_2012_Complete;4;no-mask;8,516550591140069;6,285546211233897;1,0110018792081659;0,9446735614969635;TAT
CrossAttentionModelTFG;BPI_Challenge_2012_O;0;no-mask;6,068199188419774;5,8480258561654335;0,5746590617967641;0,7016699411788484;TAT
CrossAttentionModelTFG;BPI_Challenge_2012_O;1;no-mask;10,325985125188867;10,253801824227464;1,0058819653259776;0,9854438892104407;TAA
CrossAttentionModelTFG;BPI_Challenge_2012_O;1;no-mask;9,363204518166865;8,521039393589847;1,1419540872154825;1,0246981288053065;ATT
CrossAttentionModelTFG;BPI_Challenge_2012_O;1;no-mask;5,670494361527682;6,835355225746689;0,5653671756308337;0,6822244877030931;TAT
CrossAttentionModelTFG;BPI_Challenge_2012_O;2;no-mask;6,966285255998706;7,840284528742943;0,4149830692783802;0,6257915391838261;TAA
CrossAttentionModelTFG;BPI_Challenge_2012_O;2;no-mask;8,576404764273736;10,351429002093417;0,618584945083863;0,7407480733903608;ATT
CrossAttentionModelTFG;BPI_Challenge_2012_O;2;no-mask;4,171008436304761;5,600878667352455;0,2758886141565805;0,4656731921005606;TAT
CrossAttentionModelTFG;BPI_Challenge_2012_O;3;no-mask;13,593479807939294;10,875964284457009;1,481698221509009;1,2027867597336452;TAA
CrossAttentionModelTFG;BPI_Challenge_2012_O;3;no-mask;4,637176583966925;5,977198857428698;0,5267904481441648;0,6576747594328982;ATT
CrossAttentionModelTFG;BPI_Challenge_2012_O;3;no-mask;11,426569803685336;9,541299124730044;1,1172406199753175;1,0382122977941843;TAT
CrossAttentionModelTFG;BPI_Challenge_2012_O;4;no-mask;7,894928752550763;7,859338590917031;0,5697554978518712;0,7459175764452889;TAA
CrossAttentionModelTFG;BPI_Challenge_2012_O;4;no-mask;8,6757929869798;9,684806277933676;0,6225389727009865;0,775748848454172;ATT
CrossAttentionModelTFG;BPI_Challenge_2012_O;4;no-mask;5,5506576782666;5,629710344322059;0,5310320385725905;0,6750610994082848;TAT
CrossAttentionModelTFG;BPI_Challenge_2012_W;0;no-mask;8,577693718559859;9,267012846391912;0,8372159097511107;0,891386834141276;TAA
CrossAttentionModelTFG;BPI_Challenge_2012_W;0;no-mask;10,317049971013073;9,866160426636672;1,2817743263378802;1,0607608053062625;ATT
CrossAttentionModelTFG;BPI_Challenge_2012_W;0;no-mask;7,617591614890007;7,435759580250952;0,8647128453093943;0,8904355129400225;TAT
CrossAttentionModelTFG;BPI_Challenge_2012_W;1;no-mask;8,731336476364403;10,782055070407315;0,6995970649649816;0,8066603560518679;TAA
CrossAttentionModelTFG;BPI_Challenge_2012_W;1;no-mask;10,877362741824697;13,304081056459765;1,2770700195994669;1,0216942904339337;ATT
CrossAttentionModelTFG;BPI_Challenge_2012_W;1;no-mask;8,890741315751848;7,534443909758931;0,882767049305292;0,9315662357124715;TAT
CrossAttentionModelTFG;BPI_Challenge_2012_W;2;no-mask;7,6537105030900765;8,44208067075586;0,5902095162866916;0,7440647388764147;TAA
CrossAttentionModelTFG;BPI_Challenge_2012_W;2;no-mask;9,449538315725716;10,059180333433941;0,769657884949883;0,835674195028805;ATT
CrossAttentionModelTFG;BPI_Challenge_2012_W;2;no-mask;7,598897639181872;7,158489810229428;0,719463283191508;0,8248050147126215;TAT
CrossAttentionModelTFG;BPI_Challenge_2012_W;3;no-mask;11,421366486667559;10,89520207772052;1,093802691495866;1,0347384039303578;TAA
CrossAttentionModelTFG;BPI_Challenge_2012_W;3;no-mask;8,988809698216112;7,6365837682952815;1,2055444731060547;1,0367061565087483;ATT
CrossAttentionModelTFG;BPI_Challenge_2012_W;3;no-mask;10,308158392240795;10,941104771371508;1,0786556451530034;1,0078692527565314;TAT
CrossAttentionModelTFG;BPI_Challenge_2012_W;4;no-mask;7,252370085599904;7,26815709197432;0,6294372849550774;0,7677094704730626;TAA
CrossAttentionModelTFG;BPI_Challenge_2012_W;4;no-mask;6,627946659457083;9,160938601578348;0,5253534886586426;0,6610543662119204;ATT
CrossAttentionModelTFG;BPI_Challenge_2012_W_Complete;0;no-mask;7,8954222868947195;7,096711320007963;0,9953370729880099;0,9419568477997434;TAA
CrossAttentionModelTFG;BPI_Challenge_2012_W;4;no-mask;7,193859386573355;7,0146520329776285;0,6014213493555285;0,7672981371719847;TAT
CrossAttentionModelTFG;BPI_Challenge_2012_W_Complete;0;no-mask;8,508675531967016;7,029086053899944;1,0370836336204141;0,9779563466109203;ATT
CrossAttentionModelTFG;BPI_Challenge_2012_W_Complete;0;no-mask;9,874321666168964;7,044031870864295;1,2494590457135728;1,073149486243167;TAT
CrossAttentionModelTFG;BPI_Challenge_2012_W_Complete;1;no-mask;7,768664908180558;9,287311464326532;0,5727040355319487;0,7300842938985487;TAA
CrossAttentionModelTFG;BPI_Challenge_2012_W_Complete;1;no-mask;6,987022154610545;9,593384805942113;0,5704925965187416;0,6939888104569419;ATT
CrossAttentionModelTFG;BPI_Challenge_2012_W_Complete;1;no-mask;5,2111569860303355;6,951201564871246;0,4313144964659764;0,6018170982622125;TAT
CrossAttentionModelTFG;BPI_Challenge_2012_W_Complete;2;no-mask;7,428083846610314;6,939231693980951;0,7819016298367448;0,816721871485489;TAA
CrossAttentionModelTFG;BPI_Challenge_2012_W_Complete;2;no-mask;9,160211443833088;10,345314662449423;0,7414685537305084;0,8229167711924021;ATT
CrossAttentionModelTFG;BPI_Challenge_2012_W_Complete;2;no-mask;6,675772901189289;6,665650389652895;0,5993344081523901;0,7311580479221514;TAT
CrossAttentionModelTFG;BPI_Challenge_2012_W_Complete;3;no-mask;7,250888308744006;7,373803964418495;0,7730816371467434;0,8508996457891882;TAA
CrossAttentionModelTFG;BPI_Challenge_2012_W_Complete;3;no-mask;8,80486389592043;9,454755143436019;1,013193791165346;0,9659952613767318;ATT
CrossAttentionModelTFG;BPI_Challenge_2012_W_Complete;3;no-mask;7,485466096635654;6,936707394753764;0,9754898778729787;0,9335800278665166;TAT
CrossAttentionModelTFG;BPI_Challenge_2012_W_Complete;4;no-mask;7,72586503649717;9,256441585445772;0,5998157934481041;0,731385179781525;TAA
CrossAttentionModelTFG;BPI_Challenge_2012_W_Complete;4;no-mask;6,235260112613296;6,769693904619383;0,6508191725686295;0,726545130003036;ATT
CrossAttentionModelTFG;BPI_Challenge_2012_W_Complete;4;no-mask;7,38718192491385;9,714264285633597;0,5835684271351194;0,6848044008075637;TAT
AllSelfCrossAttentionModelTFG;env_permit;0;no-mask;1,6617483944653866;3,002054044723511;0,15244808893770628;0,254778982852784;TAA
AllSelfCrossAttentionModelTFG;env_permit;0;no-mask;1,8307856194509897;3,065480712532997;0,1507789704393599;0,26751503649260616;ATT
AllSelfCrossAttentionModelTFG;env_permit;0;no-mask;1,6512948222802695;3,0864847226142884;0,14970511575386744;0,24820508279772782;TAT
AllSelfCrossAttentionModelTFG;env_permit;1;no-mask;2,0951402551294156;3,6874863148674253;0,483107674123123;0,4269542173057682;TAA
AllSelfCrossAttentionModelTFG;env_permit;1;no-mask;2,2387453933485126;3,7660492039102267;0,4855902656125022;0,4405408681192978;ATT
AllSelfCrossAttentionModelTFG;env_permit;1;no-mask;2,508746071363421;3,800789609199434;0,49760120172937466;0,46222508028174597;TAT
AllSelfCrossAttentionModelTFG;env_permit;2;no-mask;2,625732831653314;3,4236601249192113;0,6866116470055424;0,5419281831442938;TAA
AllSelfCrossAttentionModelTFG;env_permit;2;no-mask;1,9450499128323535;3,252390575501346;0,6578287724296781;0,4797231139803103;ATT
AllSelfCrossAttentionModelTFG;env_permit;3;no-mask;1,8307890416620347;2,5742068785813546;0,12312815130095639;0,27208782669105047;TAA
AllSelfCrossAttentionModelTFG;env_permit;2;no-mask;2,2564741704430653;3,2526630722275076;0,6657783481571636;0,5247681573009014;TAT
AllSelfCrossAttentionModelTFG;env_permit;3;no-mask;1,82105668033323;2,5371004155566617;0,1302934498210343;0,2798534275652627;ATT
AllSelfCrossAttentionModelTFG;env_permit;3;no-mask;2,0291070432325418;2,7316636577729256;0,13069112172900443;0,28799487798187656;TAT
AllSelfCrossAttentionModelTFG;env_permit;4;no-mask;2,434353770642229;4,033123607476873;0,6408589208665046;0,5526447070349172;TAA
AllSelfCrossAttentionModelTFG;env_permit;4;no-mask;2,4624802190039374;4,1967966238397265;0,6324777021186583;0,5461995395236886;ATT
AllSelfCrossAttentionModelTFG;env_permit;4;no-mask;2,916029752894654;4,115345210317643;0,6527258259199838;0,5890373498855054;TAT
AllSelfCrossAttentionModelTFG;Helpdesk;0;no-mask;2,9316712362661983;4,654203342657823;0,08121114979913356;0,24608869845241443;TAA
AllSelfCrossAttentionModelTFG;Helpdesk;0;no-mask;2,876558085732151;4,6678899324857275;0,07664834583404408;0,24008439204946364;ATT
AllSelfCrossAttentionModelTFG;Helpdesk;1;no-mask;3,041354312234484;4,6244774831007724;0,07814228321606972;0,24585806276234395;TAA
AllSelfCrossAttentionModelTFG;Helpdesk;0;no-mask;2,8300764184264215;4,509720527942364;0,08121487137757952;0,24491731330460192;TAT
AllSelfCrossAttentionModelTFG;Helpdesk;1;no-mask;3,226392256196823;4,586088610361822;0,08629222788476155;0,2551265890845099;ATT
AllSelfCrossAttentionModelTFG;Helpdesk;1;no-mask;3,0290740456655776;4,514568378096041;0,0836440644209905;0,2513664893484246;TAT
AllSelfCrossAttentionModelTFG;Helpdesk;2;no-mask;3,386808353651172;4,815086128155878;0,0848320176215694;0,2617636969872962;TAA
AllSelfCrossAttentionModelTFG;Helpdesk;2;no-mask;3,0189590109433304;4,609047292931679;0,07850853649240866;0,24702511596858825;TAT
AllSelfCrossAttentionModelTFG;Helpdesk;2;no-mask;2,852673344420753;4,558269705874788;0,07157771142264577;0,22487911861587134;ATT
AllSelfCrossAttentionModelTFG;Helpdesk;3;no-mask;3,513473453725879;4,928818814251401;0,09487182649094052;0,27556393854447375;TAA
AllSelfCrossAttentionModelTFG;Helpdesk;3;no-mask;3,008836354135416;4,5939723118365;0,07888303556883104;0,2486151002616864;ATT
AllSelfCrossAttentionModelTFG;Helpdesk;3;no-mask;3,008836354135416;4,5939723118365;0,07888303556883104;0,2486151002616864;TAT
AllSelfCrossAttentionModelTFG;Helpdesk;4;no-mask;2,5025125186578885;4,436219088409258;0,06486613554603493;0,20164376379339716;TAA
AllSelfCrossAttentionModelTFG;Helpdesk;4;no-mask;3,1085005963089776;4,960014372508718;0,07944947254824283;0,2392187451366777;ATT
AllSelfCrossAttentionModelTFG;SEPSIS;0;no-mask;55,2556960493037;32,74294713512063;1,9757205174533805;1,3556354084938738;TAA
AllSelfCrossAttentionModelTFG;Helpdesk;4;no-mask;2,7394146781041564;4,572631068111207;0,0727363852839883;0,22413720142413396;TAT
AllSelfCrossAttentionModelTFG;SEPSIS;0;no-mask;55,79729985461573;32,12788876270255;2,013927089212219;1,3676151012924267;ATT
AllSelfCrossAttentionModelTFG;SEPSIS;0;no-mask;55,79729985461573;32,12788876270255;2,013927089212219;1,3676151012924267;TAT
AllSelfCrossAttentionModelTFG;SEPSIS;1;no-mask;30,499048487483936;30,044958678451746;0,42377533119880345;0,6182273799761798;TAA
AllSelfCrossAttentionModelTFG;SEPSIS;1;no-mask;27,53456385978686;30,13768531556602;0,38440458230603214;0,5686250348180658;ATT
AllSelfCrossAttentionModelTFG;SEPSIS;1;no-mask;27,53456385978686;30,13768531556602;0,38440458230603214;0,5686250348180658;TAT
AllSelfCrossAttentionModelTFG;SEPSIS;2;no-mask;17,910423185581475;30,261092267357387;0,261529358525761;0,39863540784326884;TAA
AllSelfCrossAttentionModelTFG;SEPSIS;2;no-mask;13,526983907558122;29,104104412289765;0,21979431798178903;0,3265540715760652;ATT
AllSelfCrossAttentionModelTFG;SEPSIS;2;no-mask;13,526983907558122;29,104104412289765;0,21979431798178903;0,3265540715760652;TAT
AllSelfCrossAttentionModelTFG;SEPSIS;3;no-mask;16,321732980656538;25,765571463816237;0,4591618122644369;0,5166304142991129;TAA
AllSelfCrossAttentionModelTFG;SEPSIS;3;no-mask;16,02851774173693;26,837695083995857;0,4322647454719943;0,4943559564088195;ATT
AllSelfCrossAttentionModelTFG;SEPSIS;3;no-mask;16,02851774173693;26,837695083995857;0,4322647454719943;0,4943559564088195;TAT
AllSelfCrossAttentionModelTFG;SEPSIS;4;no-mask;21,891718196886412;25,128631215639064;0,5113528909306607;0,6530062632968404;TAA
AllSelfCrossAttentionModelTFG;SEPSIS;4;no-mask;30,344688124765025;29,16378985291318;0,7949393561999126;0,8545931628933124;ATT
AllSelfCrossAttentionModelTFG;BPI_Challenge_2013_closed_problems;0;no-mask;69,81765582818043;87,72588445607899;0,31745098612186384;0,5000171444063831;TAA
AllSelfCrossAttentionModelTFG;SEPSIS;4;no-mask;30,344688124765025;29,16378985291318;0,7949393561999126;0,8545931628933124;TAT
AllSelfCrossAttentionModelTFG;BPI_Challenge_2013_closed_problems;0;no-mask;73,0249625099226;89,42316383528478;0,3021824338941837;0,4949684521036251;ATT
AllSelfCrossAttentionModelTFG;BPI_Challenge_2013_closed_problems;0;no-mask;58,862476023144325;90,85147803963967;0,30285502411529663;0,44643309934902636;TAT
AllSelfCrossAttentionModelTFG;BPI_Challenge_2013_closed_problems;1;no-mask;62,74773657673172;87,99012700035459;0,2898618296182533;0,4511197919364176;TAA
AllSelfCrossAttentionModelTFG;BPI_Challenge_2013_closed_problems;1;no-mask;52,68144109419414;88,77520445869082;0,262302963198523;0,4091621289772558;ATT
AllSelfCrossAttentionModelTFG;BPI_Challenge_2013_closed_problems;1;no-mask;52,68144109419414;88,77520445869082;0,262302963198523;0,4091621289772558;TAT
AllSelfCrossAttentionModelTFG;BPI_Challenge_2013_closed_problems;2;no-mask;49,346603313629714;96,29643541063581;0,32664977617551016;0,43305904160342645;ATT
AllSelfCrossAttentionModelTFG;BPI_Challenge_2013_closed_problems;2;no-mask;48,31323116358713;97,38474884033204;0,3759369405482765;0,45216896977164905;TAA
AllSelfCrossAttentionModelTFG;BPI_Challenge_2013_closed_problems;2;no-mask;48,31323116358713;97,38474884033204;0,3759369405482765;0,45216896977164905;TAT
AllSelfCrossAttentionModelTFG;BPI_Challenge_2013_closed_problems;3;no-mask;77,14610243819253;98,74252047258265;0,418878716524954;0,5787883510946821;TAA
AllSelfCrossAttentionModelTFG;BPI_Challenge_2013_closed_problems;3;no-mask;109,63902361021832;108,70683454999737;0,7501481751757472;0,7792803250465349;ATT
AllSelfCrossAttentionModelTFG;BPI_Challenge_2013_closed_problems;3;no-mask;98,10523401232733;97,30392519632976;0,652158869851217;0,7183485701549338;TAT
AllSelfCrossAttentionModelTFG;BPI_Challenge_2013_closed_problems;4;no-mask;41,620315262314044;76,78848643104236;0,2412260264572317;0,36712609772556315;TAA
AllSelfCrossAttentionModelTFG;BPI_Challenge_2013_closed_problems;4;no-mask;62,104830960793926;83,88283467292786;0,3221313311452501;0,4748771785462106;ATT
AllSelfCrossAttentionModelTFG;BPI_Challenge_2013_closed_problems;4;no-mask;62,104830960793926;83,88283467292786;0,3221313311452501;0,4748771785462106;TAT
AllSelfCrossAttentionModelTFG;BPI_Challenge_2013_incidents;0;no-mask;22,709345398514664;10,549745190775756;0,992366680855635;0,9120956248170858;TAA
AllSelfCrossAttentionModelTFG;BPI_Challenge_2013_incidents;0;no-mask;27,516582525384305;10,703628016111654;1,470532929579167;1,035964957267354;ATT
AllSelfCrossAttentionModelTFG;BPI_Challenge_2013_incidents;0;no-mask;26,48884076702995;10,410788103422044;1,4321811845992953;1,0197068957306796;TAT
AllSelfCrossAttentionModelTFG;BPI_Challenge_2013_incidents;1;no-mask;9,44803534624341;9,820949964017176;0,26459938247540804;0,4359684337925388;TAA
AllSelfCrossAttentionModelTFG;BPI_Challenge_2013_incidents;1;no-mask;8,82303388320688;9,280656700027722;0,25065651107756354;0,4320930123734485;ATT
AllSelfCrossAttentionModelTFG;BPI_Challenge_2013_incidents;1;no-mask;7,912813909454032;9,304391710118875;0,2757965359587474;0,42642324823444966;TAT
AllSelfCrossAttentionModelTFG;BPI_Challenge_2013_incidents;2;no-mask;19,270913757719175;10,310329729272414;0,6317442538353087;0,7040126442819028;TAA
AllSelfCrossAttentionModelTFG;BPI_Challenge_2013_incidents;2;no-mask;18,14258752702727;10,072900464302414;0,5440668537755025;0,6488948655297483;ATT
AllSelfCrossAttentionModelTFG;BPI_Challenge_2013_incidents;2;no-mask;18,317930586277786;9,720766604804782;0,617209536695677;0,6304445455656328;TAT
AllSelfCrossAttentionModelTFG;BPI_Challenge_2013_incidents;3;no-mask;18,533020460365567;12,307355098678904;2,0241459360558327;1,2703330567861808;TAA
AllSelfCrossAttentionModelTFG;BPI_Challenge_2013_incidents;3;no-mask;18,056653696738593;12,19615631506352;1,9490165219514848;1,2457834402298418;ATT
AllSelfCrossAttentionModelTFG;BPI_Challenge_2013_incidents;3;no-mask;18,056653696738593;12,19615631506352;1,9490165219514848;1,2457834402298418;TAT
AllSelfCrossAttentionModelTFG;BPI_Challenge_2013_incidents;4;no-mask;26,419536076239805;10,78520823777777;4,326576610650992;1,4357231969246507;TAA
AllSelfCrossAttentionModelTFG;BPI_Challenge_2013_incidents;4;no-mask;50,695361172502146;10,954533801010225;6,5769354131120945;2,1404551800648766;ATT
AllSelfCrossAttentionModelTFG;BPI_Challenge_2013_incidents;4;no-mask;50,695361172502146;10,954533801010225;6,5769354131120945;2,1404551800648766;TAT
AllSelfCrossAttentionModelTFG;BPI_Challenge_2012_A;0;no-mask;3,763457148336715;5,2421020547848345;0,4256302605588529;0,48904899378359;TAA
AllSelfCrossAttentionModelTFG;BPI_Challenge_2012_A;0;no-mask;4,070588291819685;5,482320605874446;0,42364035141783773;0,504813324969319;ATT
AllSelfCrossAttentionModelTFG;BPI_Challenge_2012_A;0;no-mask;3,8131569370720886;5,291500430574201;0,4221198889170515;0,489532502236522;TAT
AllSelfCrossAttentionModelTFG;BPI_Challenge_2012_A;1;no-mask;4,059825306061899;5,564774719374668;0,5222297931722861;0,5516102604325597;TAA
AllSelfCrossAttentionModelTFG;BPI_Challenge_2012_A;1;no-mask;3,8549058353337684;5,379698193215343;0,5066475591065376;0,5326345673624129;ATT
AllSelfCrossAttentionModelTFG;BPI_Challenge_2012_A;1;no-mask;3,8549058353337684;5,379698193215343;0,5066475591065376;0,5326345673624129;TAT
AllSelfCrossAttentionModelTFG;BPI_Challenge_2012_A;2;no-mask;3,875737055953826;5,4111989219798025;0,48341857754290013;0,5204929251075335;TAA
AllSelfCrossAttentionModelTFG;BPI_Challenge_2012_A;2;no-mask;3,9904363174587805;5,4844500369019205;0,4765993491645332;0,5241959357244376;ATT
AllSelfCrossAttentionModelTFG;BPI_Challenge_2012_A;2;no-mask;3,842920143439463;5,38005936332047;0,4713698361996484;0,5125604741058609;TAT
AllSelfCrossAttentionModelTFG;BPI_Challenge_2012_A;3;no-mask;3,694705764203169;5,23527101132228;0,42336075958406627;0,48616780789963715;TAA
AllSelfCrossAttentionModelTFG;BPI_Challenge_2012_A;3;no-mask;3,7938377835655035;5,330208046039815;0,41899682249782466;0,48862249312091016;ATT
AllSelfCrossAttentionModelTFG;BPI_Challenge_2012_A;3;no-mask;3,7938377835655035;5,330208046039815;0,41899682249782466;0,48862249312091016;TAT
AllSelfCrossAttentionModelTFG;BPI_Challenge_2012_A;4;no-mask;3,784848088170426;5,28806481983798;0,45420938158517643;0,504890688368224;TAA
AllSelfCrossAttentionModelTFG;BPI_Challenge_2012_A;4;no-mask;3,8730540027878644;5,382944725349368;0,4501394675068976;0,506380977530485;ATT
AllSelfCrossAttentionModelTFG;BPI_Challenge_2012_O;0;no-mask;6,057068482933123;6,189201581688643;0,6175386212730929;0,7136899612320662;TAA
AllSelfCrossAttentionModelTFG;BPI_Challenge_2012_A;4;no-mask;3,814839057724441;5,324089436340744;0,4487000044326439;0,502993964944413;TAT
AllSelfCrossAttentionModelTFG;BPI_Challenge_2012_O;0;no-mask;6,069609418378367;5,849394308547048;0,6423452688392501;0,7370509007603655;ATT
AllSelfCrossAttentionModelTFG;BPI_Challenge_2012_O;0;no-mask;6,069609418378367;5,849394308547048;0,6423452688392501;0,7370509007603655;TAT
AllSelfCrossAttentionModelTFG;BPI_Challenge_2012_O;1;no-mask;4,871719693643621;6,602518091446983;0,488529679225759;0,6300086346845619;ATT
AllSelfCrossAttentionModelTFG;BPI_Challenge_2012_O;1;no-mask;4,871719693643621;6,602518091446983;0,488529679225759;0,6300086346845619;TAA
AllSelfCrossAttentionModelTFG;BPI_Challenge_2012_O;1;no-mask;5,3583531746863;6,783812290077919;0,5173880123833463;0,6508331005597336;TAT
AllSelfCrossAttentionModelTFG;BPI_Challenge_2012_O;2;no-mask;5,276014073763508;6,693807685747743;0,35107445610699956;0,5364188311433757;TAA
AllSelfCrossAttentionModelTFG;BPI_Challenge_2012_O;2;no-mask;5,27389371468231;5,658828575962356;0,4491074940770843;0,5920590835874984;TAT
AllSelfCrossAttentionModelTFG;BPI_Challenge_2012_O;2;no-mask;5,27389371468231;5,658828575962356;0,4491074940770843;0,5920590835874984;ATT
AllSelfCrossAttentionModelTFG;BPI_Challenge_2012_O;3;no-mask;4,594154280582282;6,111334010059464;0,5028900844631137;0,6372516724324502;TAA
AllSelfCrossAttentionModelTFG;BPI_Challenge_2012_O;3;no-mask;4,9153608567707625;6,367226087070745;0,5356132535413263;0,6611473772744381;ATT
AllSelfCrossAttentionModelTFG;BPI_Challenge_2012_O;3;no-mask;4,779846534487824;5,995636036426856;0,49891509644591375;0,6391530466510851;TAT
AllSelfCrossAttentionModelTFG;BPI_Challenge_2012_O;4;no-mask;5,206055193628158;5,53036753786519;0,5488593592470496;0,6582026358369129;TAA
AllSelfCrossAttentionModelTFG;BPI_Challenge_2012_O;4;no-mask;4,850127020640151;5,691951179718223;0,43274663311929706;0,598877400451344;ATT
AllSelfCrossAttentionModelTFG;BPI_Challenge_2012_O;4;no-mask;5,655435158938214;5,456659484069978;0,6316780912705287;0,7070179140529358;TAT
AllSelfCrossAttentionModelTFG;BPI_Challenge_2012;0;no-mask;4,80990188509596;6,716686023179297;0,35070661986939183;0,5500628418807667;TAA
AllSelfCrossAttentionModelTFG;BPI_Challenge_2012;0;no-mask;5,272274371845315;6,713959332709434;0,4370963733278049;0,6175193503647192;ATT
AllSelfCrossAttentionModelTFG;BPI_Challenge_2012;0;no-mask;4,828210382451593;6,604557193101867;0,3509860428748034;0,5497958193071638;TAT
AllSelfCrossAttentionModelTFG;BPI_Challenge_2012;1;no-mask;6,575877977219094;7,168870674002329;0,5752789623900154;0,7437092801199248;TAA
AllSelfCrossAttentionModelTFG;BPI_Challenge_2012;1;no-mask;5,415446341753165;7,225552844114718;0,4934307353911191;0,6541415679033777;TAT
AllSelfCrossAttentionModelTFG;BPI_Challenge_2012;1;no-mask;5,415446341753165;7,225552844114718;0,4934307353911191;0,6541415679033777;ATT
AllSelfCrossAttentionModelTFG;BPI_Challenge_2012;2;no-mask;7,374762310552775;6,983726839925527;0,7613129176892464;0,841955210057324;ATT
AllSelfCrossAttentionModelTFG;BPI_Challenge_2012;2;no-mask;6,721847654875186;6,975751957919703;0,697056714246468;0,7924391586863898;TAA
AllSelfCrossAttentionModelTFG;BPI_Challenge_2012;3;no-mask;5,40042930616266;7,022756172657647;0,47032654467699025;0,6467853929207177;TAA
AllSelfCrossAttentionModelTFG;BPI_Challenge_2012;2;no-mask;8,435200800541695;6,973143550047434;0,9191751312584436;0,9278783967478046;TAT
AllSelfCrossAttentionModelTFG;BPI_Challenge_2012;3;no-mask;5,383460248047135;6,916994021139375;0,4635539878973054;0,640636241121424;ATT
AllSelfCrossAttentionModelTFG;BPI_Challenge_2012;3;no-mask;8,315245573541496;7,091889245036222;1,02522617850651;0,906139931885931;TAT
AllSelfCrossAttentionModelTFG;BPI_Challenge_2012;4;no-mask;7,354686187565982;6,826383031128596;0,6929411804446627;0,7852184765131307;TAA
AllSelfCrossAttentionModelTFG;BPI_Challenge_2012;4;no-mask;7,882474562256292;6,762962342114878;0,8210797653376838;0,8601344307265453;ATT
AllSelfCrossAttentionModelTFG;BPI_Challenge_2012_A;0;no-mask;3,8045645013375906;5,289719449562713;0,42013348999409655;0,48774728647044246;TAA
AllSelfCrossAttentionModelTFG;BPI_Challenge_2012_A;0;no-mask;3,8599959046907957;5,365601501757413;0,4153910111289104;0,48628578652122356;ATT
AllSelfCrossAttentionModelTFG;BPI_Challenge_2012;4;no-mask;7,678977166208312;6,7936285155290665;0,8354150442751042;0,8345460953726762;TAT
AllSelfCrossAttentionModelTFG;BPI_Challenge_2012_A;0;no-mask;3,7293453646254644;5,1977306314382155;0,4310693070066604;0,4915812109456819;TAT
AllSelfCrossAttentionModelTFG;BPI_Challenge_2012_A;1;no-mask;4,040905443648844;5,521338866178031;0,5044987674657423;0,5420326083414705;TAA
AllSelfCrossAttentionModelTFG;BPI_Challenge_2012_A;1;no-mask;4,1313303686180305;5,5744040621967255;0,5042259370659474;0,5469542484202654;ATT
AllSelfCrossAttentionModelTFG;BPI_Challenge_2012_A;1;no-mask;3,943891542871353;5,446993968468704;0,5059053949424308;0,537383556820167;TAT
AllSelfCrossAttentionModelTFG;BPI_Challenge_2012_A;2;no-mask;3,905110837258489;5,435023856110207;0,4681281861060521;0,5156623425193879;TAA
AllSelfCrossAttentionModelTFG;BPI_Challenge_2012_A;2;no-mask;3,94707842169818;5,4430533960605665;0,4773865610973965;0,5226089888217144;ATT
AllSelfCrossAttentionModelTFG;BPI_Challenge_2012_A;2;no-mask;3,94707842169818;5,4430533960605665;0,4773865610973965;0,5226089888217144;TAT
AllSelfCrossAttentionModelTFG;BPI_Challenge_2012_A;3;no-mask;3,735033247773101;5,245050684889245;0,42685961716203297;0,49298529397468427;TAA
AllSelfCrossAttentionModelTFG;BPI_Challenge_2012_A;3;no-mask;3,785346562832181;5,346029330656356;0,42804012536832237;0,49237662199527304;ATT
AllSelfCrossAttentionModelTFG;BPI_Challenge_2012_A;3;no-mask;3,785346562832181;5,346029330656356;0,42804012536832237;0,49237662199527304;TAT
AllSelfCrossAttentionModelTFG;BPI_Challenge_2012_A;4;no-mask;3,84050690508174;5,348786020999073;0,45052546979584673;0,5064620959923304;TAA
AllSelfCrossAttentionModelTFG;BPI_Challenge_2012_A;4;no-mask;4,136275611871175;5,548338679562623;0,4533129339121451;0,5300870173719159;ATT
AllSelfCrossAttentionModelTFG;BPI_Challenge_2012_A;4;no-mask;3,9163910574634557;5,417238473506421;0,4504449637254252;0,5087950441928234;TAT
AllSelfCrossAttentionModelTFG;BPI_Challenge_2012_Complete;0;no-mask;3,7757475321807297;6,112316360695468;0,2784452561826956;0,4732787483219718;TAA
AllSelfCrossAttentionModelTFG;BPI_Challenge_2012_Complete;0;no-mask;3,696250808372871;6,094637437456884;0,2804457954616747;0,4711193869962802;ATT
AllSelfCrossAttentionModelTFG;BPI_Challenge_2012_Complete;0;no-mask;3,696250808372871;6,094637437456884;0,2804457954616747;0,4711193869962802;TAT
AllSelfCrossAttentionModelTFG;BPI_Challenge_2012_Complete;1;no-mask;4,838936048741563;6,504108912228043;0,4897321886365483;0,6627591780704846;TAA
AllSelfCrossAttentionModelTFG;BPI_Challenge_2012_Complete;1;no-mask;4,903978335283302;6,547277962622036;0,5366853757442003;0,6843541524946033;ATT
AllSelfCrossAttentionModelTFG;BPI_Challenge_2012_Complete;1;no-mask;4,903978335283302;6,547277962622036;0,5366853757442003;0,6843541524946033;TAT
AllSelfCrossAttentionModelTFG;BPI_Challenge_2012_Complete;2;no-mask;6,141557157815725;6,47013391969786;0,5999501906750535;0,753139447876737;TAA
AllSelfCrossAttentionModelTFG;BPI_Challenge_2012_Complete;2;no-mask;6,369714945874437;6,379689386681802;0,5858880994572472;0,7502143016484599;ATT
AllSelfCrossAttentionModelTFG;BPI_Challenge_2012_Complete;2;no-mask;6,562386306686117;6,418844865581204;0,6345350320504083;0,7780441702915425;TAT
AllSelfCrossAttentionModelTFG;BPI_Challenge_2012_Complete;3;no-mask;4,025887224551705;6,302615208835681;0,3025112705405656;0,4940450788813254;TAA
AllSelfCrossAttentionModelTFG;BPI_Challenge_2012_Complete;3;no-mask;4,521629730563786;6,288432701335813;0,46191841782787163;0,6297151319629471;ATT
AllSelfCrossAttentionModelTFG;BPI_Challenge_2012_Complete;3;no-mask;4,521629730563786;6,288432701335813;0,46191841782787163;0,6297151319629471;TAT
AllSelfCrossAttentionModelTFG;BPI_Challenge_2012_Complete;4;no-mask;5,9111739946303485;6,093515265656055;0,6516154494251282;0,7486065120713007;TAA
AllSelfCrossAttentionModelTFG;BPI_Challenge_2012_Complete;4;no-mask;5,539497923411767;6,301520022860974;0,5197630891129646;0,677846098258078;ATT
AllSelfCrossAttentionModelTFG;BPI_Challenge_2012_O;0;no-mask;6,037484936206267;5,864685997794532;0,6762890555055343;0,7476656089415277;TAA
AllSelfCrossAttentionModelTFG;BPI_Challenge_2012_O;0;no-mask;5,419648926029183;5,963309081974408;0,5064185099656411;0,6599456822617611;ATT
AllSelfCrossAttentionModelTFG;BPI_Challenge_2012_O;0;no-mask;5,493900605243268;6,040909819913489;0,5171280453119594;0,6689605936370538;TAT
AllSelfCrossAttentionModelTFG;BPI_Challenge_2012_O;1;no-mask;5,180851967596867;6,777777006446142;0,5078011957915999;0,6482346830163997;TAA
AllSelfCrossAttentionModelTFG;BPI_Challenge_2012_Complete;4;no-mask;5,8906693306899935;6,190618736892738;0,6112793542494476;0,7328893336152033;TAT
AllSelfCrossAttentionModelTFG;BPI_Challenge_2012_O;1;no-mask;5,0585335050748625;6,531958792611337;0,49154294095326895;0,6368012314748533;ATT
AllSelfCrossAttentionModelTFG;BPI_Challenge_2012_O;1;no-mask;5,0585335050748625;6,531958792611337;0,49154294095326895;0,6368012314748533;TAT
AllSelfCrossAttentionModelTFG;BPI_Challenge_2012_O;2;no-mask;4,067201973178557;5,668033215616431;0,2963232830851742;0,4727338713299971;TAA
AllSelfCrossAttentionModelTFG;BPI_Challenge_2012_O;2;no-mask;4,3832564976906205;5,6208867293649485;0,30198595569438025;0,4937110959872717;TAT
AllSelfCrossAttentionModelTFG;BPI_Challenge_2012_O;2;no-mask;4,3832564976906205;5,6208867293649485;0,30198595569438025;0,4937110959872717;ATT
AllSelfCrossAttentionModelTFG;BPI_Challenge_2012_O;3;no-mask;4,857961465727442;6,0847829679219885;0,5073772426171892;0,6504068841116675;ATT
AllSelfCrossAttentionModelTFG;BPI_Challenge_2012_O;3;no-mask;4,727583745265669;6,189199410507391;0,5629654295081487;0,6700682499376728;TAA
AllSelfCrossAttentionModelTFG;BPI_Challenge_2012_O;4;no-mask;4,664093604592693;5,4541193018980625;0,4550178545843099;0,6031216678422596;TAA
AllSelfCrossAttentionModelTFG;BPI_Challenge_2012_O;3;no-mask;4,727583745265669;6,189199410507391;0,5629654295081487;0,6700682499376728;TAT
AllSelfCrossAttentionModelTFG;BPI_Challenge_2012_O;4;no-mask;5,224209100003;5,741634142238463;0,46307847179708433;0,6303301658861407;ATT
AllSelfCrossAttentionModelTFG;BPI_Challenge_2012_O;4;no-mask;4,896555175969269;5,632833285983902;0,43761148376393344;0,6043202359440579;TAT
AllSelfCrossAttentionModelTFG;BPI_Challenge_2012_W;0;no-mask;8,502679955095076;7,747534385862574;0,979127360845427;0,9348949748049517;ATT
AllSelfCrossAttentionModelTFG;BPI_Challenge_2012_W;0;no-mask;8,27269483786007;7,509631730921913;0,9142770249547318;0,9070752440596332;TAA
AllSelfCrossAttentionModelTFG;BPI_Challenge_2012_W;1;no-mask;6,280479841312414;7,375231174908522;0,5449393535190968;0,7068594027188657;TAA
AllSelfCrossAttentionModelTFG;BPI_Challenge_2012_W;0;no-mask;8,933021060125139;7,437352303521398;1,092302071019834;0,981299894688276;TAT
AllSelfCrossAttentionModelTFG;BPI_Challenge_2012_W;1;no-mask;6,295199440486364;7,281346297458737;0,47864805212209477;0,672680477755431;ATT
AllSelfCrossAttentionModelTFG;BPI_Challenge_2012_W;1;no-mask;6,295199440486364;7,281346297458737;0,47864805212209477;0,672680477755431;TAT
AllSelfCrossAttentionModelTFG;BPI_Challenge_2012_W;2;no-mask;6,874040894387603;7,324696978252832;0,5169073328182515;0,6952237066781821;TAA
AllSelfCrossAttentionModelTFG;BPI_Challenge_2012_W;2;no-mask;6,515760717073891;7,3088547421031045;0,5769435186937706;0,711730770608729;ATT
AllSelfCrossAttentionModelTFG;BPI_Challenge_2012_W;2;no-mask;10,577651369233108;7,393143055811153;1,338502020073952;1,0742545535589023;TAT
AllSelfCrossAttentionModelTFG;BPI_Challenge_2012_W;3;no-mask;7,355063855920159;7,470198105556733;0,8593429381353773;0,8843063860709832;TAA
AllSelfCrossAttentionModelTFG;BPI_Challenge_2012_W;3;no-mask;7,954941513863783;7,879970261178938;0,9958631039986026;0,9603004087497532;TAT
AllSelfCrossAttentionModelTFG;BPI_Challenge_2012_W;3;no-mask;7,954941513863783;7,879970261178938;0,9958631039986026;0,9603004087497532;ATT
AllSelfCrossAttentionModelTFG;BPI_Challenge_2012_W;4;no-mask;5,657112081933334;7,148612782372246;0,4972040144040899;0,6294185141069447;TAA
AllSelfCrossAttentionModelTFG;BPI_Challenge_2012_W;4;no-mask;5,825039779894973;7,2059730083104645;0,46818468460190427;0,6282950284792537;ATT
AllSelfCrossAttentionModelTFG;BPI_Challenge_2012_W;4;no-mask;5,825039779894973;7,2059730083104645;0,46818468460190427;0,6282950284792537;TAT
AllSelfCrossAttentionModelTFG;BPI_Challenge_2012_W_Complete;0;no-mask;9,561551453680307;7,194422546689734;1,1870769505467473;1,0679026314449471;TAA
AllSelfCrossAttentionModelTFG;BPI_Challenge_2012_W_Complete;0;no-mask;7,300246205905914;7,24215029601393;0,796218459492318;0,8530662090690158;ATT
AllSelfCrossAttentionModelTFG;BPI_Challenge_2012_W_Complete;0;no-mask;8,352081769861506;7,2439170266607125;1,036568827235414;0,963077923769312;TAT
AllSelfCrossAttentionModelTFG;BPI_Challenge_2012_W_Complete;1;no-mask;6,448210775340571;7,164234167636549;0,544090619372121;0,7105701678235937;TAA
AllSelfCrossAttentionModelTFG;BPI_Challenge_2012_W_Complete;1;no-mask;5,968550826409156;7,360704091567976;0,5841781188748383;0,698164663292125;ATT
AllSelfCrossAttentionModelTFG;BPI_Challenge_2012_W_Complete;1;no-mask;5,968550826409156;7,360704091567976;0,5841781188748383;0,698164663292125;TAT
AllSelfCrossAttentionModelTFG;BPI_Challenge_2012_W_Complete;2;no-mask;6,347906670229778;6,85630550753137;0,577620658069841;0,7127543962368648;TAA
AllSelfCrossAttentionModelTFG;BPI_Challenge_2012_W_Complete;2;no-mask;6,720117823972794;6,75930229329289;0,6268461974663042;0,7280408807807734;ATT
AllSelfCrossAttentionModelTFG;BPI_Challenge_2012_W_Complete;2;no-mask;6,720117823972794;6,75930229329289;0,6268461974663042;0,7280408807807734;TAT
AllSelfCrossAttentionModelTFG;BPI_Challenge_2012_W_Complete;3;no-mask;7,358487879141207;7,225076813736038;0,9963453308128831;0,9424399551784622;TAA
AllSelfCrossAttentionModelTFG;BPI_Challenge_2012_W_Complete;3;no-mask;7,390017192987833;7,11056915301837;0,9894255769052095;0,9315971814513551;ATT
AllSelfCrossAttentionModelTFG;BPI_Challenge_2012_W_Complete;3;no-mask;7,09536539666585;7,112350081394096;0,8636131943925014;0,8786512353948719;TAT
AllSelfCrossAttentionModelTFG;BPI_Challenge_2012_W_Complete;4;no-mask;5,573389092513636;6,832262147441362;0,4657711192247945;0,622473378713723;ATT
AllSelfCrossAttentionModelTFG;BPI_Challenge_2012_W_Complete;4;no-mask;5,498154830559068;6,919110059911094;0,44771559593459875;0,6129506991532605;TAA
NonSelfCrossAttentionModelTFG;env_permit;0;no-mask;2,0093701790269454;3,0600568008422853;0,1594493931209421;0,28400150025548193;TAA
NonSelfCrossAttentionModelTFG;env_permit;0;no-mask;2,187101581571992;3,0391843806505205;0,1622413349867522;0,3031896189946802;ATT
NonSelfCrossAttentionModelTFG;env_permit;0;no-mask;2,1632431479345886;2,9488588753938676;0,1621565850257563;0,2999654671932596;TAT
NonSelfCrossAttentionModelTFG;env_permit;1;no-mask;3,0308534117534314;3,7467044873500432;0,5144576953259432;0,5051261976944553;TAA
NonSelfCrossAttentionModelTFG;env_permit;1;no-mask;2,094919177141546;3,633908044165514;0,4929131696678074;0,43392420540154514;ATT
NonSelfCrossAttentionModelTFG;env_permit;1;no-mask;2,394801679940926;3,7749671921955317;0,4962132191026162;0,4552959018047384;TAT
AllSelfCrossAttentionModelTFG;BPI_Challenge_2012_W_Complete;4;no-mask;5,658335982150902;6,848663745466007;0,5107844187376072;0,6676407928699909;TAT
NonSelfCrossAttentionModelTFG;env_permit;2;no-mask;2,4492674649360446;3,3916948691819067;0,6802805544355539;0,5340701630502417;TAA
NonSelfCrossAttentionModelTFG;env_permit;2;no-mask;2,803592887743189;3,34417511927065;0,6894343509378513;0,5634486301530524;ATT
NonSelfCrossAttentionModelTFG;env_permit;2;no-mask;2,803592887743189;3,34417511927065;0,6894343509378513;0,5634486301530524;TAT
NonSelfCrossAttentionModelTFG;env_permit;3;no-mask;2,2259579002323115;2,654311954013763;0,1271380961893083;0,30216161645681844;TAA
NonSelfCrossAttentionModelTFG;env_permit;3;no-mask;1,864990474609491;2,489990468227094;0,12451646299526287;0,2782676742540666;ATT
NonSelfCrossAttentionModelTFG;env_permit;3;no-mask;1,864990474609491;2,489990468227094;0,12451646299526287;0,2782676742540666;TAT
NonSelfCrossAttentionModelTFG;env_permit;4;no-mask;4,086585217120823;4,268512268220225;0,6975388093562379;0,6887072004431044;TAA
NonSelfCrossAttentionModelTFG;env_permit;4;no-mask;3,699998333161362;4,176023283192227;0,6891197001485834;0,6655826877234451;ATT
NonSelfCrossAttentionModelTFG;env_permit;4;no-mask;3,699998333161362;4,176023283192227;0,6891197001485834;0,6655826877234451;TAT
NonSelfCrossAttentionModelTFG;Helpdesk;0;no-mask;3,890547871931286;4,70859648172672;0,0975061726920464;0,2919493536293776;TAA
NonSelfCrossAttentionModelTFG;Helpdesk;0;no-mask;4,426052158206117;5,259358806610107;0,10474279634474719;0,30858035123366223;ATT
NonSelfCrossAttentionModelTFG;Helpdesk;1;no-mask;3,498348722145671;4,718605041503906;0,08154889609560968;0,2582026219636718;TAA
NonSelfCrossAttentionModelTFG;Helpdesk;0;no-mask;4,8477179243913415;4,749518262423002;0,137330474057888;0,3447317465025016;TAT
NonSelfCrossAttentionModelTFG;Helpdesk;1;no-mask;4,013434357533473;5,1397151939617185;0,10052908235511897;0,2906879637876833;ATT
NonSelfCrossAttentionModelTFG;Helpdesk;1;no-mask;3,2960262052963842;4,734033608288499;0,08554895717500492;0,25756822394138806;TAT
NonSelfCrossAttentionModelTFG;Helpdesk;2;no-mask;3,400560877958202;4,699009558905853;0,08269638062257913;0,25865939321127546;ATT
NonSelfCrossAttentionModelTFG;Helpdesk;2;no-mask;3,419449670931905;4,866500708954466;0,08792880959196843;0,26318575441755687;TAA
NonSelfCrossAttentionModelTFG;Helpdesk;3;no-mask;4,814389639956678;4,803551796743994;0,12539832192850234;0,3391738439996394;TAA
NonSelfCrossAttentionModelTFG;Helpdesk;2;no-mask;3,49205844588371;4,717621016721784;0,08395288772472233;0,2642391308953835;TAT
NonSelfCrossAttentionModelTFG;Helpdesk;3;no-mask;5,321645723686177;4,735253049328422;0,14728058173553557;0,36550477033259515;ATT
NonSelfCrossAttentionModelTFG;Helpdesk;3;no-mask;4,027827388671131;4,759483886421274;0,1002077389377139;0,29760840886985684;TAT
NonSelfCrossAttentionModelTFG;Helpdesk;4;no-mask;3,1641463810327917;4,7399918785006365;0,07453376625197203;0,23455781514066232;TAA
NonSelfCrossAttentionModelTFG;Helpdesk;4;no-mask;3,738098248394645;4,805852907414762;0,09173053180439057;0,27706933006523216;ATT
NonSelfCrossAttentionModelTFG;SEPSIS;0;no-mask;51,07265692671213;31,283553514629602;1,7505938770556422;1,278569347463026;TAA
NonSelfCrossAttentionModelTFG;Helpdesk;4;no-mask;3,633051808885868;4,694591983875132;0,08392366799141018;0,26180041453252745;TAT
NonSelfCrossAttentionModelTFG;SEPSIS;0;no-mask;49,483032465972485;31,116881787776947;1,7816882458118364;1,287896387930936;ATT
NonSelfCrossAttentionModelTFG;SEPSIS;0;no-mask;48,85830743781413;31,991255038728315;1,7097849079439018;1,267960976696662;TAT
NonSelfCrossAttentionModelTFG;SEPSIS;1;no-mask;28,985384903304663;31,060208699724697;0,411533383841143;0,5895167530442448;TAA
NonSelfCrossAttentionModelTFG;SEPSIS;1;no-mask;31,97048452797568;30,822018088521183;0,4428982981469838;0,6371142875788219;ATT
NonSelfCrossAttentionModelTFG;SEPSIS;1;no-mask;29,420220077643943;32,213160671629346;0,38215485109967595;0,577762666885177;TAT
NonSelfCrossAttentionModelTFG;SEPSIS;2;no-mask;19,603324779385368;29,999492581074055;0,2707357289635925;0,43103224042059557;TAA
NonSelfCrossAttentionModelTFG;SEPSIS;2;no-mask;22,80011522247797;29,682281786432632;0,31724099321818916;0,4895357496303347;ATT
NonSelfCrossAttentionModelTFG;SEPSIS;2;no-mask;22,80011522247797;29,682281786432632;0,31724099321818916;0,4895357496303347;TAT
NonSelfCrossAttentionModelTFG;SEPSIS;3;no-mask;23,24890807763628;27,540218031052316;0,5164633455896699;0,6154620308872573;TAA
NonSelfCrossAttentionModelTFG;SEPSIS;3;no-mask;14,752316812133436;26,10312106113623;0,4305442105337288;0,4737906906373625;ATT
NonSelfCrossAttentionModelTFG;SEPSIS;3;no-mask;14,752316812133436;26,10312106113623;0,4305442105337288;0,4737906906373625;TAT
NonSelfCrossAttentionModelTFG;SEPSIS;4;no-mask;28,70949330945862;25,66923332523188;0,7026152139244721;0,8014327349618611;TAA
NonSelfCrossAttentionModelTFG;SEPSIS;4;no-mask;29,144430943445908;26,27448879251826;0,6695764117301729;0,7762009866982158;ATT
NonSelfCrossAttentionModelTFG;SEPSIS;4;no-mask;29,144430943445908;26,27448879251826;0,6695764117301729;0,7762009866982158;TAT
NonSelfCrossAttentionModelTFG;BPI_Challenge_2013_closed_problems;0;no-mask;101,37785513715451;91,1392946613645;0,4324541407811921;0,6263767195583704;TAA
NonSelfCrossAttentionModelTFG;BPI_Challenge_2013_closed_problems;0;no-mask;76,37500612990371;94,10945271056832;0,3134324693563319;0,5070567836574336;ATT
NonSelfCrossAttentionModelTFG;BPI_Challenge_2013_closed_problems;0;no-mask;60,410624353380264;86,3106708619201;0,2870203876403218;0,4454390405287701;TAT
NonSelfCrossAttentionModelTFG;BPI_Challenge_2013_closed_problems;1;no-mask;56,12716555618459;92,94687114897228;0,28763480295846244;0,4235483386354255;TAA
NonSelfCrossAttentionModelTFG;BPI_Challenge_2013_closed_problems;1;no-mask;69,72624376955326;90,98185878935314;0,41832353982713344;0,49215083338009813;ATT
NonSelfCrossAttentionModelTFG;BPI_Challenge_2013_closed_problems;1;no-mask;69,72624376955326;90,98185878935314;0,41832353982713344;0,49215083338009813;TAT
NonSelfCrossAttentionModelTFG;BPI_Challenge_2013_closed_problems;2;no-mask;73,78344122034318;98,7212539309547;0,39148003760655403;0,5483905239081925;TAA
NonSelfCrossAttentionModelTFG;BPI_Challenge_2013_closed_problems;2;no-mask;60,63576318828337;105,49647315797351;0,3266182534752335;0,4583164000193556;ATT
NonSelfCrossAttentionModelTFG;BPI_Challenge_2013_closed_problems;2;no-mask;73,76601288517286;98,98416975112188;0,42585488189355847;0,571735806406804;TAT
NonSelfCrossAttentionModelTFG;BPI_Challenge_2013_closed_problems;3;no-mask;100,21201391976203;110,06462590834674;0,574945367712969;0,6908849990605443;TAA
NonSelfCrossAttentionModelTFG;BPI_Challenge_2013_closed_problems;3;no-mask;92,19479087003562;98,78804434982001;0,5355204854275672;0,6538698749234051;ATT
NonSelfCrossAttentionModelTFG;BPI_Challenge_2013_closed_problems;3;no-mask;92,19479087003562;98,78804434982001;0,5355204854275672;0,6538698749234051;TAT
NonSelfCrossAttentionModelTFG;BPI_Challenge_2013_closed_problems;4;no-mask;54,236815496105145;86,1292255918185;0,24286442475082975;0,3918035103502034;TAA
NonSelfCrossAttentionModelTFG;BPI_Challenge_2013_closed_problems;4;no-mask;59,482716042164604;92,3669594724973;0,2631417996234218;0,41790370364024326;ATT
NonSelfCrossAttentionModelTFG;BPI_Challenge_2013_closed_problems;4;no-mask;63,25785721630761;87,53552337487538;0,27572970504854144;0,4379419764771945;TAT
NonSelfCrossAttentionModelTFG;BPI_Challenge_2013_incidents;0;no-mask;51,76251725763284;10,931339468661841;3,846558300218963;1,7033747825155445;TAA
NonSelfCrossAttentionModelTFG;BPI_Challenge_2013_incidents;0;no-mask;24,38213903633889;10,61219440458657;1,0661594601907125;0,9308321009929014;ATT
NonSelfCrossAttentionModelTFG;BPI_Challenge_2013_incidents;1;no-mask;12,174944755619212;9,040640932887626;0,290986289813179;0,5095512771516132;TAA
NonSelfCrossAttentionModelTFG;BPI_Challenge_2013_incidents;0;no-mask;24,049740698904458;10,499094749683941;1,2050196276701644;0,9587096928053588;TAT
NonSelfCrossAttentionModelTFG;BPI_Challenge_2013_incidents;1;no-mask;12,018806241295986;9,84475236771493;0,3479529839938142;0,5259740168481393;ATT
NonSelfCrossAttentionModelTFG;BPI_Challenge_2013_incidents;1;no-mask;13,387118314607342;9,657444257842762;0,39780409927862515;0,5685996743414425;TAT
NonSelfCrossAttentionModelTFG;BPI_Challenge_2013_incidents;2;no-mask;30,816542526604774;10,376398373943891;1,0949995720698416;0,9851012038869297;TAA
NonSelfCrossAttentionModelTFG;BPI_Challenge_2013_incidents;2;no-mask;56,341149623973564;10,644844312208436;6,658625390232636;1,682356329997945;ATT
NonSelfCrossAttentionModelTFG;BPI_Challenge_2013_incidents;2;no-mask;56,341149623973564;10,644844312208436;6,658625390232636;1,682356329997945;TAT
NonSelfCrossAttentionModelTFG;BPI_Challenge_2013_incidents;3;no-mask;18,80936042018858;13,044643019089253;1,932700197998717;1,2357649105194937;TAA
NonSelfCrossAttentionModelTFG;BPI_Challenge_2013_incidents;3;no-mask;19,56776239549186;12,486905797558316;1,8603938247829233;1,229639834830625;ATT
NonSelfCrossAttentionModelTFG;BPI_Challenge_2013_incidents;3;no-mask;20,56501873707554;12,851585335271844;2,1060674501588683;1,302548406248219;TAT
NonSelfCrossAttentionModelTFG;BPI_Challenge_2013_incidents;4;no-mask;63,87891006707398;11,266365757953805;7,493737475748366;2,4507884877731434;TAA
NonSelfCrossAttentionModelTFG;BPI_Challenge_2013_incidents;4;no-mask;47,71585786245631;10,91016820732471;5,807633340064801;1,9901613558487987;ATT
NonSelfCrossAttentionModelTFG;BPI_Challenge_2013_incidents;4;no-mask;50,19530824729674;11,164580099878059;5,941705848538431;2,024411826226293;TAT
NonSelfCrossAttentionModelTFG;BPI_Challenge_2012_A;0;no-mask;4,0266593485855795;5,454689968389382;0,43048202734016106;0,5243881454012244;TAA
NonSelfCrossAttentionModelTFG;BPI_Challenge_2012_A;0;no-mask;4,038301792488102;5,461123871341331;0,42450735713539084;0,5027042533874044;ATT
NonSelfCrossAttentionModelTFG;BPI_Challenge_2012_A;0;no-mask;3,8499896517078835;5,225002851501604;0,46200952340237006;0,5194447187156993;TAT
NonSelfCrossAttentionModelTFG;BPI_Challenge_2012_A;1;no-mask;4,005931296290988;5,480671155878937;0,5002099315789891;0,5404667590660516;TAA
NonSelfCrossAttentionModelTFG;BPI_Challenge_2012_A;1;no-mask;3,9913720623396967;5,478491395033839;0,5170349072908141;0,5483355235548901;ATT
NonSelfCrossAttentionModelTFG;BPI_Challenge_2012_A;1;no-mask;3,9913720623396967;5,478491395033839;0,5170349072908141;0,5483355235548901;TAT
NonSelfCrossAttentionModelTFG;BPI_Challenge_2012_A;2;no-mask;4,1196495672156255;5,5184344630428335;0,49842243897660926;0,5625598008699121;TAA
NonSelfCrossAttentionModelTFG;BPI_Challenge_2012_A;2;no-mask;3,928628226480987;5,4286782996354885;0,48100943846271416;0,5287716800102058;ATT
NonSelfCrossAttentionModelTFG;BPI_Challenge_2012_A;2;no-mask;4,0626917310355495;5,539568063860037;0,48080276545284695;0,5329813355799584;TAT
NonSelfCrossAttentionModelTFG;BPI_Challenge_2012_A;3;no-mask;4,033610347301124;5,482633286675426;0,442095941755819;0,5311414706194157;TAA
NonSelfCrossAttentionModelTFG;BPI_Challenge_2012_A;3;no-mask;3,996015122164556;5,429586275009932;0,4510972584937921;0,5355612312134801;ATT
NonSelfCrossAttentionModelTFG;BPI_Challenge_2012_A;3;no-mask;3,791887133355809;5,289744909665256;0,4271496158941108;0,496844035729646;TAT
NonSelfCrossAttentionModelTFG;BPI_Challenge_2012_A;4;no-mask;3,9062232183331047;5,365175635554901;0,45528528930949325;0,5139988709613426;TAA
NonSelfCrossAttentionModelTFG;BPI_Challenge_2012_A;4;no-mask;4,1886229867664895;5,570015752071187;0,4765822190831646;0,5549021313171345;ATT
NonSelfCrossAttentionModelTFG;BPI_Challenge_2012_O;0;no-mask;5,808719039474807;5,996467659673417;0,559894642221311;0,7054704321891565;TAA
NonSelfCrossAttentionModelTFG;BPI_Challenge_2012_A;4;no-mask;4,1886229867664895;5,570015752071187;0,4765822190831646;0,5549021313171345;TAT
NonSelfCrossAttentionModelTFG;BPI_Challenge_2012_O;0;no-mask;6,457314057175841;6,237274871493543;0,6243982928394901;0,7396186425673925;ATT
NonSelfCrossAttentionModelTFG;BPI_Challenge_2012_O;0;no-mask;7,648947624103202;6,13759819482336;1,0666784487637002;0,8936666373812402;TAT
NonSelfCrossAttentionModelTFG;BPI_Challenge_2012_O;1;no-mask;5,099948750342357;6,434934320478523;0,5069290886470093;0,6542876976386802;TAA
NonSelfCrossAttentionModelTFG;BPI_Challenge_2012_O;1;no-mask;5,02221285264294;6,494990497566678;0,4903890777735486;0,6363801935876986;ATT
NonSelfCrossAttentionModelTFG;BPI_Challenge_2012_O;1;no-mask;5,02221285264294;6,494990497566678;0,4903890777735486;0,6363801935876986;TAT
NonSelfCrossAttentionModelTFG;BPI_Challenge_2012_O;2;no-mask;4,576236448732725;5,682937784519579;0,37933877432959934;0,5235672945629977;TAA
NonSelfCrossAttentionModelTFG;BPI_Challenge_2012_O;2;no-mask;4,431747621456383;5,64847728024636;0,29489854373426905;0,4811585331455544;ATT
NonSelfCrossAttentionModelTFG;BPI_Challenge_2012_O;2;no-mask;5,146350102761616;5,66870797917779;0,3568573377657794;0,5420352948486176;TAT
NonSelfCrossAttentionModelTFG;BPI_Challenge_2012_O;3;no-mask;5,955489187960609;6,236835726890071;0,6165568133512707;0,7393864876146752;TAA
NonSelfCrossAttentionModelTFG;BPI_Challenge_2012_O;3;no-mask;4,77704774379575;6,009177524596453;0,4971744887909279;0,636374993832252;ATT
NonSelfCrossAttentionModelTFG;BPI_Challenge_2012_O;3;no-mask;5,249757852341616;6,239895386942502;0,5363874893495015;0,6653306662635583;TAT
NonSelfCrossAttentionModelTFG;BPI_Challenge_2012_O;4;no-mask;4,857384067758941;5,594115776465078;0,4418018866152434;0,5982041744795115;TAA
NonSelfCrossAttentionModelTFG;BPI_Challenge_2012_O;4;no-mask;5,449746056021329;5,664804474388003;0,5555460147684498;0,6722662393701846;ATT
NonSelfCrossAttentionModelTFG;BPI_Challenge_2012_O;4;no-mask;4,947094320115509;5,665230210051943;0,45253144467117656;0,6074467811444273;TAT
NonSelfCrossAttentionModelTFG;BPI_Challenge_2012;0;no-mask;6,700286852398505;6,703401679591702;0,4929566672734482;0,6713686513674444;ATT
NonSelfCrossAttentionModelTFG;BPI_Challenge_2012;0;no-mask;9,545170574793417;6,74429020314422;1,0664185685486531;0,9200487274734221;TAA
NonSelfCrossAttentionModelTFG;BPI_Challenge_2012;1;no-mask;5,692459268637433;7,141414164671373;0,4781185967069252;0,642246026439867;TAA
NonSelfCrossAttentionModelTFG;BPI_Challenge_2012;0;no-mask;10,125960502823697;6,791270071945685;1,2283335684478223;0,9636344725146438;TAT
NonSelfCrossAttentionModelTFG;BPI_Challenge_2012;1;no-mask;7,922183391925741;7,221464028901195;0,7393177881332753;0,8428025933221138;TAT
NonSelfCrossAttentionModelTFG;BPI_Challenge_2012;1;no-mask;7,922183391925741;7,221464028901195;0,7393177881332753;0,8428025933221138;ATT
NonSelfCrossAttentionModelTFG;BPI_Challenge_2012;2;no-mask;11,355762359307292;7,113549057935;1,5603438556652447;1,1755198555002966;ATT
NonSelfCrossAttentionModelTFG;BPI_Challenge_2012;2;no-mask;9,196508367522808;7,048268608342829;0,9582113600744455;0,9504313765696495;TAA
NonSelfCrossAttentionModelTFG;BPI_Challenge_2012;2;no-mask;11,838281382830225;6,956460725197625;1,7038725144833362;1,1908908149928017;TAT
NonSelfCrossAttentionModelTFG;BPI_Challenge_2012;3;no-mask;10,40560446857133;7,094452430203126;1,2954058384507123;1,024397735131934;TAA
NonSelfCrossAttentionModelTFG;BPI_Challenge_2012;3;no-mask;8,015708837741377;6,98572300892924;0,7613876975345315;0,8350944901329823;ATT
NonSelfCrossAttentionModelTFG;BPI_Challenge_2012;3;no-mask;9,249539688973654;7,113192826755921;1,0126417000455799;0,9639431116015698;TAT
NonSelfCrossAttentionModelTFG;BPI_Challenge_2012;4;no-mask;7,916705992845442;6,838050083817776;0,7932097272740926;0,8429849311764006;TAA
NonSelfCrossAttentionModelTFG;BPI_Challenge_2012;4;no-mask;13,486644640326547;6,995067668742397;2,183142009453893;1,3233854482119825;ATT
NonSelfCrossAttentionModelTFG;BPI_Challenge_2012;4;no-mask;13,486644640326547;6,995067668742397;2,183142009453893;1,3233854482119825;TAT
NonSelfCrossAttentionModelTFG;BPI_Challenge_2012_A;0;no-mask;3,9139097144696637;5,374931608514201;0,41719036999625714;0,49450784387554586;TAA
NonSelfCrossAttentionModelTFG;BPI_Challenge_2012_A;0;no-mask;3,858269799743127;5,282233743801055;0,4266502964539189;0,4981882929622666;ATT
NonSelfCrossAttentionModelTFG;BPI_Challenge_2012_A;0;no-mask;3,858269799743127;5,282233743801055;0,4266502964539189;0,4981882929622666;TAT
NonSelfCrossAttentionModelTFG;BPI_Challenge_2012_A;1;no-mask;3,8757405058478174;5,342931926444189;0,536559824313165;0,5534873542138784;TAA
NonSelfCrossAttentionModelTFG;BPI_Challenge_2012_A;1;no-mask;4,0530556274005445;5,544088962147837;0,5027673132107231;0,5512235527867617;ATT
NonSelfCrossAttentionModelTFG;BPI_Challenge_2012_A;1;no-mask;4,0530556274005445;5,544088962147837;0,5027673132107231;0,5512235527867617;TAT
NonSelfCrossAttentionModelTFG;BPI_Challenge_2012_A;2;no-mask;4,094962767285096;5,537004609977393;0,4945312518302966;0,5459982105920176;TAA
NonSelfCrossAttentionModelTFG;BPI_Challenge_2012_A;2;no-mask;3,9694762126337695;5,438057732553283;0,48188291535126704;0,528274291444668;ATT
NonSelfCrossAttentionModelTFG;BPI_Challenge_2012_A;2;no-mask;3,9694762126337695;5,438057732553283;0,48188291535126704;0,528274291444668;TAT
NonSelfCrossAttentionModelTFG;BPI_Challenge_2012_A;3;no-mask;3,8895009199604336;5,351044599023898;0,4302987350981662;0,5041544396775504;TAA
NonSelfCrossAttentionModelTFG;BPI_Challenge_2012_A;3;no-mask;3,84871244508073;5,295061891527614;0,43065640864703886;0,5087122646285436;ATT
NonSelfCrossAttentionModelTFG;BPI_Challenge_2012_A;3;no-mask;3,865465130193468;5,322573413734102;0,4396353732802824;0,5147915271773686;TAT
NonSelfCrossAttentionModelTFG;BPI_Challenge_2012_A;4;no-mask;3,9475413856230914;5,43395565654339;0,4612257474662545;0,5237163725443608;TAA
NonSelfCrossAttentionModelTFG;BPI_Challenge_2012_A;4;no-mask;3,9915120199905774;5,4459604175345415;0,45364979836355734;0,5213093383584236;ATT
NonSelfCrossAttentionModelTFG;BPI_Challenge_2012_A;4;no-mask;4,001149832883793;5,447041372265245;0,4885255306994955;0,5486405458284135;TAT
NonSelfCrossAttentionModelTFG;BPI_Challenge_2012_Complete;0;no-mask;6,679867259258066;6,291982863034444;0,6873947741814614;0,7290534139111029;TAA
NonSelfCrossAttentionModelTFG;BPI_Challenge_2012_Complete;0;no-mask;5,115942923619515;6,112451986864869;0,3516564136486778;0,5710052361525789;ATT
NonSelfCrossAttentionModelTFG;BPI_Challenge_2012_Complete;0;no-mask;5,587980302674237;6,211689361442611;0,391596436857662;0,611308986984213;TAT
NonSelfCrossAttentionModelTFG;BPI_Challenge_2012_Complete;1;no-mask;5,10903497450552;6,6972205110134615;0,49798286258321556;0,6703571053730368;TAA
NonSelfCrossAttentionModelTFG;BPI_Challenge_2012_Complete;1;no-mask;5,474858057211684;6,55598452364138;0,5387267730093656;0,7053929883957504;ATT
NonSelfCrossAttentionModelTFG;BPI_Challenge_2012_Complete;1;no-mask;5,474858057211684;6,55598452364138;0,5387267730093656;0,7053929883957504;TAT
NonSelfCrossAttentionModelTFG;BPI_Challenge_2012_Complete;2;no-mask;7,125837191934913;6,389054491711808;0,6619963658939535;0,7917141320114441;TAA
NonSelfCrossAttentionModelTFG;BPI_Challenge_2012_Complete;2;no-mask;7,924981008438788;6,354039850580581;0,8484194330315107;0,8656328264259153;ATT
NonSelfCrossAttentionModelTFG;BPI_Challenge_2012_Complete;2;no-mask;6,1565446551711425;6,471738746639038;0,539907158417375;0,7181570063995991;TAT
NonSelfCrossAttentionModelTFG;BPI_Challenge_2012_Complete;3;no-mask;6,305562115568207;6,295705314091945;0,5051253869764476;0,6843031530669725;TAA
NonSelfCrossAttentionModelTFG;BPI_Challenge_2012_Complete;3;no-mask;4,352582888434907;6,32263694280662;0,3136351816903541;0,5158362411494802;ATT
NonSelfCrossAttentionModelTFG;BPI_Challenge_2012_Complete;3;no-mask;4,352582888434907;6,32263694280662;0,3136351816903541;0,5158362411494802;TAT
NonSelfCrossAttentionModelTFG;BPI_Challenge_2012_Complete;4;no-mask;7,348968628531102;6,229188627387356;0,7684491740921758;0,8354838051634695;TAA
NonSelfCrossAttentionModelTFG;BPI_Challenge_2012_Complete;4;no-mask;6,155654766362776;6,3502839091223455;0,6019761349421038;0,7285525786934106;ATT
NonSelfCrossAttentionModelTFG;BPI_Challenge_2012_O;0;no-mask;6,370580633020099;5,9748929762682375;0,7007248591651487;0,772344114866257;TAA
NonSelfCrossAttentionModelTFG;BPI_Challenge_2012_O;0;no-mask;5,602998871340254;5,940756420228655;0,5368290165316102;0,68185213700887;ATT
NonSelfCrossAttentionModelTFG;BPI_Challenge_2012_O;0;no-mask;5,491097103844113;5,936377599802501;0,5143362898544712;0,6658381307204598;TAT
NonSelfCrossAttentionModelTFG;BPI_Challenge_2012_Complete;4;no-mask;9,903117838871992;6,284699981288627;1,269834844700213;1,0460701170042517;TAT
NonSelfCrossAttentionModelTFG;BPI_Challenge_2012_O;1;no-mask;5,223294069144315;6,701765388054712;0,48635126499045345;0,6296982349023742;TAA
NonSelfCrossAttentionModelTFG;BPI_Challenge_2012_O;1;no-mask;5,455143781711425;6,437588909066219;0,48558997312022517;0,6548191140018116;ATT
NonSelfCrossAttentionModelTFG;BPI_Challenge_2012_O;1;no-mask;5,455143781711425;6,437588909066219;0,48558997312022517;0,6548191140018116;TAT
NonSelfCrossAttentionModelTFG;BPI_Challenge_2012_O;2;no-mask;5,205165269878593;5,8386492342022915;0,3492524584485788;0,5495852135264916;TAA
NonSelfCrossAttentionModelTFG;BPI_Challenge_2012_O;2;no-mask;4,993040921172637;5,778297498023936;0,34093923545038013;0,5311765563511428;ATT
NonSelfCrossAttentionModelTFG;BPI_Challenge_2012_O;2;no-mask;5,0512597321224995;5,623875590174326;0,3803307248061607;0,5477482467076957;TAT
NonSelfCrossAttentionModelTFG;BPI_Challenge_2012_O;3;no-mask;4,633356346301239;6,142563049392454;0,535472926738151;0,648907075304071;TAA
NonSelfCrossAttentionModelTFG;BPI_Challenge_2012_O;3;no-mask;5,291971675354462;6,066137967053159;0,5051354497730172;0,6639498622483847;ATT
NonSelfCrossAttentionModelTFG;BPI_Challenge_2012_O;3;no-mask;4,9308905376402405;5,967884601061714;0,4911857307895381;0,63901588989779;TAT
NonSelfCrossAttentionModelTFG;BPI_Challenge_2012_O;4;no-mask;5,843812151027144;6,082627495842664;0,5981316254845449;0,6975249826949527;TAA
NonSelfCrossAttentionModelTFG;BPI_Challenge_2012_O;4;no-mask;4,991768886253617;5,624249239138958;0,4251663546225166;0,6034542232189781;ATT
NonSelfCrossAttentionModelTFG;BPI_Challenge_2012_O;4;no-mask;5,497965051831541;5,599743536368614;0,5455491693259713;0,6749194882839697;TAT
NonSelfCrossAttentionModelTFG;BPI_Challenge_2012_W;0;no-mask;17,44044421978236;7,683506994296906;3,393530089835005;1,6666111046323366;TAA
NonSelfCrossAttentionModelTFG;BPI_Challenge_2012_W;0;no-mask;16,806909969418573;7,614056320463584;3,2010295314766464;1,618231977234396;ATT
NonSelfCrossAttentionModelTFG;BPI_Challenge_2012_W;0;no-mask;16,055509108930615;7,715378439783996;2,80541009944347;1,5324725407615158;TAT
NonSelfCrossAttentionModelTFG;BPI_Challenge_2012_W;1;no-mask;8,225624510667624;7,460684708081836;0,7248562229172767;0,8448871488131302;TAA
NonSelfCrossAttentionModelTFG;BPI_Challenge_2012_W;1;no-mask;15,189943795173903;7,58892920526081;2,8394233768242243;1,437043444748864;ATT
NonSelfCrossAttentionModelTFG;BPI_Challenge_2012_W;1;no-mask;15,189943795173903;7,58892920526081;2,8394233768242243;1,437043444748864;TAT
NonSelfCrossAttentionModelTFG;BPI_Challenge_2012_W;2;no-mask;9,049113167290836;7,255677486376142;0,8335719969669161;0,8795736463590178;TAA
NonSelfCrossAttentionModelTFG;BPI_Challenge_2012_W;2;no-mask;5,970057964554659;7,290607977599432;0,4509658801308264;0,630406595152743;ATT
NonSelfCrossAttentionModelTFG;BPI_Challenge_2012_W;2;no-mask;5,970057964554659;7,290607977599432;0,4509658801308264;0,630406595152743;TAT
NonSelfCrossAttentionModelTFG;BPI_Challenge_2012_W;3;no-mask;9,30213204785429;7,535580750063553;1,118031515922697;1,0165651071974817;TAA
NonSelfCrossAttentionModelTFG;BPI_Challenge_2012_W;3;no-mask;7,586848370993995;7,606010351944101;0,9227290151765286;0,919262242804849;ATT
NonSelfCrossAttentionModelTFG;BPI_Challenge_2012_W;3;no-mask;7,586848370993995;7,606010351944101;0,9227290151765286;0,919262242804849;TAT
NonSelfCrossAttentionModelTFG;BPI_Challenge_2012_W;4;no-mask;10,212195638720557;7,200660662391751;1,0652274053314352;0,9920055523713068;TAA
NonSelfCrossAttentionModelTFG;BPI_Challenge_2012_W;4;no-mask;16,34411151323226;7,244841198979469;2,921536395936496;1,508695908924412;ATT
NonSelfCrossAttentionModelTFG;BPI_Challenge_2012_W_Complete;0;no-mask;7,471373025964611;7,172763461667329;0,874773205600696;0,8913245307446442;TAA
NonSelfCrossAttentionModelTFG;BPI_Challenge_2012_W;4;no-mask;11,807072100729977;7,2457953728489395;1,488624243542261;1,1527357847794995;TAT
NonSelfCrossAttentionModelTFG;BPI_Challenge_2012_W_Complete;0;no-mask;7,471947108743612;7,366653570753013;0,8492862463004464;0,8724787608032287;ATT
NonSelfCrossAttentionModelTFG;BPI_Challenge_2012_W_Complete;0;no-mask;7,471947108743612;7,366653570753013;0,8492862463004464;0,8724787608032287;TAT
NonSelfCrossAttentionModelTFG;BPI_Challenge_2012_W_Complete;1;no-mask;6,303656089012053;7,080126834735552;0,5221887413598708;0,6841196774427718;TAA
NonSelfCrossAttentionModelTFG;BPI_Challenge_2012_W_Complete;1;no-mask;9,427808555442926;7,1179985725303565;1,0528992806728101;0,9863910133290418;ATT
NonSelfCrossAttentionModelTFG;BPI_Challenge_2012_W_Complete;1;no-mask;9,427808555442926;7,1179985725303565;1,0528992806728101;0,9863910133290418;TAT
NonSelfCrossAttentionModelTFG;BPI_Challenge_2012_W_Complete;2;no-mask;9,150092670803131;6,82806235510483;0,8572378499399119;0,8752208067466654;TAA
NonSelfCrossAttentionModelTFG;BPI_Challenge_2012_W_Complete;2;no-mask;7,717059857575696;6,800156897253276;0,7324586338632687;0,7963498764635241;ATT
NonSelfCrossAttentionModelTFG;BPI_Challenge_2012_W_Complete;2;no-mask;7,717059857575696;6,800156897253276;0,7324586338632687;0,7963498764635241;TAT
NonSelfCrossAttentionModelTFG;BPI_Challenge_2012_W_Complete;3;no-mask;8,843361564404624;7,255318189431765;1,0311281038227151;0,9819924844890178;TAA
NonSelfCrossAttentionModelTFG;BPI_Challenge_2012_W_Complete;3;no-mask;7,714865599144137;7,265891581475137;0,9032938459749478;0,8990384201931346;ATT
NonSelfCrossAttentionModelTFG;BPI_Challenge_2012_W_Complete;3;no-mask;7,714865599144137;7,265891581475137;0,9032938459749478;0,8990384201931346;TAT
NonSelfCrossAttentionModelTFG;BPI_Challenge_2012_W_Complete;4;no-mask;5,471420096172088;6,897718961049787;0,42232806752830654;0,5943062349710022;TAA
NonSelfCrossAttentionModelTFG;BPI_Challenge_2012_W_Complete;4;no-mask;5,648234396928926;6,931733838594167;0,4539407708372389;0,6055625556645572;ATT
NonSelfCrossAttentionModelTFG;BPI_Challenge_2012_W_Complete;4;no-mask;7,238418086984916;6,955898962237618;0,6166978196116827;0,76803028342769;TAT